time,pm1_pm10,pm1_pm25,pm2_pm10,pm2_pm25,temperature,humidity
02/09/2021 00:57:19,8,8,3,3,14.9,68.8
02/09/2021 01:24:14,10,9,4,4,15.0,68.9
02/09/2021 01:32:24,9,9,4,4,15.0,69.5
02/09/2021 01:53:06,9,9,4,4,15.1,69.9
02/09/2021 02:03:37,11,11,5,5,15.1,65.9
02/09/2021 02:20:26,11,11,4,4,15.1,66.8
02/09/2021 02:30:30,11,10,4,4,15.1,68.6
02/09/2021 02:52:15,10,9,4,4,15.1,69.4
02/09/2021 03:03:12,9,9,4,4,15.1,69.4
02/09/2021 03:19:56,9,9,4,4,15.1,70.7
02/09/2021 03:30:14,8,8,3,3,15.2,70.4
02/09/2021 03:42:54,8,8,3,3,15.2,69.2
02/09/2021 04:09:36,7,7,3,3,15.1,66.3
02/09/2021 04:17:34,9,8,4,4,15.3,65.9
02/09/2021 04:29:05,15,13,8,7,15.7,69.1
02/09/2021 04:48:59,12,11,6,6,16.0,68.9
02/09/2021 05:05:26,12,10,5,5,16.0,68.5
02/09/2021 05:18:43,9,8,4,4,15.9,67.3
02/09/2021 05:29:53,8,7,3,3,15.8,66.9
02/09/2021 05:42:43,8,7,3,3,15.6,67.1
02/09/2021 06:09:30,7,7,3,3,15.5,67.5
02/09/2021 06:19:18,7,6,3,3,15.3,67.6
02/09/2021 06:35:29,7,6,3,3,15.2,68.2
02/09/2021 06:45:31,7,6,3,3,15.1,68.7
02/09/2021 06:58:02,7,6,3,3,15.0,69.3
02/09/2021 07:24:33,6,6,3,3,14.9,70.0
02/09/2021 07:32:31,7,6,3,3,14.8,69.9
02/09/2021 07:46:55,6,5,3,3,14.7,71.1
02/09/2021 08:08:03,6,6,2,2,14.6,71.3
02/09/2021 08:16:47,6,5,3,3,14.5,71.6
02/09/2021 08:28:38,6,5,2,2,14.4,71.2
02/09/2021 08:42:03,5,4,2,2,14.4,71.5
02/09/2021 08:56:16,5,4,2,2,14.3,71.4
02/09/2021 09:23:44,5,4,2,2,14.3,73.5
02/09/2021 09:32:06,4,4,2,2,14.3,75.0
02/09/2021 09:52:53,5,4,2,2,14.4,75.0
02/09/2021 10:01:45,8,7,3,3,14.3,65.8
02/09/2021 10:13:42,12,12,3,3,13.8,60.0
02/09/2021 10:27:08,8,7,3,3,13.5,58.2
02/09/2021 10:54:06,7,7,3,3,13.3,57.0
02/09/2021 11:03:35,6,6,4,4,13.1,55.5
02/09/2021 11:14:46,6,6,3,3,13.1,61.3
02/09/2021 11:33:51,5,4,2,2,13.2,64.9
02/09/2021 11:44:44,5,4,2,2,13.3,65.6
02/09/2021 12:06:42,6,5,2,2,13.4,66.3
02/09/2021 12:17:59,18,17,2,2,13.5,66.5
02/09/2021 12:34:41,19,18,2,2,13.5,66.9
02/09/2021 12:50:39,15,15,2,2,13.5,67.4
02/09/2021 13:00:34,11,11,2,2,13.5,68.0
02/09/2021 13:12:59,4,3,2,2,13.5,68.3
02/09/2021 13:39:35,3,3,2,2,13.4,68.6
02/09/2021 13:47:33,4,4,2,2,13.4,69.1
02/09/2021 13:59:02,7,7,2,2,13.4,69.2
02/09/2021 14:12:17,8,8,2,2,13.4,69.3
02/09/2021 14:33:55,3,3,2,2,13.4,69.6
02/09/2021 14:44:43,4,3,2,2,13.4,70.0
02/09/2021 15:06:41,3,3,2,2,13.5,70.2
02/09/2021 15:17:56,3,3,2,2,13.5,70.7
02/09/2021 15:34:39,3,3,1,1,13.5,71.0
02/09/2021 15:50:35,3,3,1,1,13.5,71.3
02/09/2021 16:00:30,3,3,1,1,13.5,71.2
02/09/2021 16:12:57,3,2,1,1,13.5,71.0
02/09/2021 16:33:53,3,2,1,1,13.5,71.1
02/09/2021 16:44:43,2,2,1,1,13.5,71.2
02/09/2021 17:06:39,3,2,1,1,13.5,71.8
02/09/2021 17:17:55,2,2,1,1,13.4,72.8
02/09/2021 17:34:37,2,2,1,1,13.4,73.4
02/09/2021 17:50:34,2,2,1,1,13.3,73.7
02/09/2021 18:00:28,2,2,1,1,13.2,73.8
02/09/2021 18:12:56,2,2,1,1,13.2,74.2
02/09/2021 18:39:34,2,2,1,1,13.2,73.7
02/09/2021 18:47:29,3,2,1,1,13.2,71.0
02/09/2021 18:58:58,3,3,2,2,13.2,68.7
02/09/2021 19:12:12,3,3,2,2,13.2,70.1
02/09/2021 19:33:55,4,3,2,2,13.3,71.5
02/09/2021 19:44:43,4,3,2,2,13.4,69.7
02/09/2021 20:01:58,4,3,2,2,13.4,69.0
02/09/2021 20:23:01,4,3,2,2,13.5,70.4
02/09/2021 20:31:45,4,4,2,2,13.5,68.1
02/09/2021 20:52:49,4,4,2,2,13.5,68.3
02/09/2021 21:03:38,5,4,2,2,13.6,70.4
02/09/2021 21:18:44,4,3,2,2,13.7,70.9
02/09/2021 21:31:52,4,4,2,2,13.7,71.2
02/09/2021 21:48:47,4,3,2,2,13.7,71.1
02/09/2021 22:03:44,4,3,2,2,13.8,71.0
02/09/2021 22:14:45,4,3,2,2,13.8,71.4
02/09/2021 22:33:50,4,3,2,2,13.8,71.5
02/09/2021 22:44:43,4,4,2,2,13.8,71.6
02/09/2021 22:57:34,4,4,2,2,13.9,71.7
02/09/2021 23:11:31,4,4,2,2,13.9,72.0
02/09/2021 23:33:56,4,3,2,2,13.9,72.1
02/09/2021 23:50:16,3,3,2,2,13.9,72.3
02/10/2021 00:05:49,4,4,2,2,14.0,72.6
02/10/2021 00:21:10,4,3,2,2,14.0,72.7
02/10/2021 00:36:17,3,3,2,2,14.0,73.6
02/10/2021 00:51:24,4,3,2,2,14.1,73.1
02/10/2021 01:00:55,4,4,2,2,14.1,72.4
02/10/2021 01:13:11,5,4,2,2,14.0,67.3
02/10/2021 01:39:36,5,4,2,2,13.9,71.0
02/10/2021 01:59:48,7,6,3,3,14.0,67.5
02/10/2021 02:18:56,10,10,4,4,13.6,57.9
02/10/2021 02:35:25,9,8,4,4,13.2,56.1
02/10/2021 02:50:55,8,8,4,4,12.8,56.2
02/10/2021 03:06:16,7,6,3,3,12.9,63.4
02/10/2021 03:21:18,6,5,3,3,13.1,65.5
02/10/2021 03:36:27,21,21,3,3,13.3,67.0
02/10/2021 03:45:57,8,7,2,2,13.5,67.8
02/10/2021 03:58:13,7,6,2,2,13.6,66.5
02/10/2021 04:24:38,41,36,2,2,13.6,64.3
02/10/2021 04:53:02,7,7,3,3,13.9,65.9
02/10/2021 05:03:32,7,7,2,2,13.9,66.3
02/10/2021 05:20:10,30,28,9,9,13.9,65.1
02/10/2021 05:35:48,35,33,10,10,14.1,64.6
02/10/2021 05:51:09,26,24,9,9,14.6,67.0
02/10/2021 06:00:50,22,21,8,8,14.9,67.0
02/10/2021 06:13:11,21,20,7,7,15.0,68.3
02/10/2021 06:39:39,20,19,7,7,15.0,69.0
02/10/2021 06:47:36,19,18,6,6,14.9,68.6
02/10/2021 06:59:05,17,17,6,6,14.8,68.8
02/10/2021 07:12:19,17,16,6,6,14.7,69.9
02/10/2021 07:39:13,16,15,5,5,14.7,69.6
02/10/2021 07:47:23,50,42,17,17,14.6,66.3
02/10/2021 08:08:07,38,35,12,12,14.4,65.1
02/10/2021 08:18:37,34,33,11,11,14.3,66.1
02/10/2021 08:29:37,32,31,11,11,14.1,66.8
02/10/2021 08:42:34,30,29,10,10,14.0,67.4
02/10/2021 09:09:20,27,26,9,9,13.9,67.9
02/10/2021 09:17:27,24,24,8,8,13.8,68.1
02/10/2021 09:38:14,23,23,8,8,13.7,68.1
02/10/2021 09:48:36,22,21,9,9,13.7,69.5
02/10/2021 10:05:25,32,30,7,7,13.6,68.7
02/10/2021 10:20:56,43,38,7,7,13.5,69.1
02/10/2021 10:31:48,29,27,6,6,13.5,70.0
02/10/2021 10:53:08,50,44,6,6,13.4,70.2
02/10/2021 11:03:38,38,34,6,6,13.4,70.7
02/10/2021 11:20:09,48,42,6,6,13.4,70.8
02/10/2021 11:31:50,34,32,5,5,13.3,71.6
02/10/2021 11:53:09,47,41,5,5,13.3,71.7
02/10/2021 12:03:36,27,26,5,5,13.3,72.9
02/10/2021 12:20:25,42,37,5,5,13.3,72.1
02/10/2021 12:35:55,18,18,4,4,13.2,71.8
02/10/2021 12:45:46,11,11,4,4,13.2,72.0
02/10/2021 13:07:15,11,10,4,4,13.2,72.4
02/10/2021 13:18:18,12,12,4,4,13.2,73.0
02/10/2021 13:29:26,10,10,4,4,13.1,73.7
02/10/2021 13:42:29,10,9,3,3,13.2,74.1
02/10/2021 14:02:07,10,10,3,3,13.2,74.8
02/10/2021 14:23:06,9,9,3,3,13.2,74.9
02/10/2021 14:31:42,13,13,3,3,13.2,75.8
02/10/2021 14:53:04,9,9,3,3,13.2,75.9
02/10/2021 15:03:32,8,7,3,3,13.2,75.4
02/10/2021 15:20:04,8,7,3,3,13.3,75.2
02/10/2021 15:35:43,7,7,3,3,13.2,75.1
02/10/2021 15:51:02,8,7,3,3,13.2,74.7
02/10/2021 16:00:44,7,7,2,2,13.2,74.1
02/10/2021 16:13:06,6,6,2,2,13.2,73.8
02/10/2021 16:39:33,6,6,2,2,13.2,73.9
02/10/2021 16:47:30,7,6,2,2,13.2,74.0
02/10/2021 16:58:59,6,6,2,2,13.1,73.6
02/10/2021 17:12:13,6,6,2,2,13.1,73.5
02/10/2021 17:39:07,7,7,2,2,13.1,73.8
02/10/2021 17:47:17,7,6,2,2,13.1,74.6
02/10/2021 18:08:00,7,6,2,2,13.1,75.1
02/10/2021 18:18:30,6,6,2,2,13.0,76.0
02/10/2021 18:29:29,5,5,2,2,13.0,75.7
02/10/2021 18:42:28,7,7,2,2,12.9,73.8
02/10/2021 19:09:18,14,13,5,5,12.8,64.9
02/10/2021 19:17:26,19,18,7,7,12.2,61.4
02/10/2021 19:33:49,15,14,6,6,12.2,66.8
02/10/2021 19:50:26,12,11,5,5,12.4,70.8
02/10/2021 20:05:55,11,10,4,4,12.6,71.7
02/10/2021 20:15:44,11,10,4,4,12.8,72.3
02/10/2021 20:37:15,10,9,4,4,13.0,72.8
02/10/2021 20:48:18,10,9,4,4,13.1,73.1
02/10/2021 20:59:25,10,9,4,4,13.2,73.4
02/10/2021 21:12:29,9,8,4,4,13.3,71.4
02/10/2021 21:39:24,9,8,3,3,13.3,67.4
02/10/2021 21:47:28,9,8,3,3,13.3,66.9
02/10/2021 21:59:00,10,10,4,4,13.4,67.1
02/10/2021 22:12:17,21,19,7,7,13.6,68.3
02/10/2021 22:39:12,25,24,8,8,13.7,69.3
02/10/2021 23:08:07,18,16,6,6,13.8,69.6
02/10/2021 23:18:38,20,19,6,6,13.9,69.9
02/10/2021 23:35:09,20,19,7,7,13.9,70.1
02/10/2021 23:48:42,15,14,6,6,14.0,70.4
02/11/2021 00:05:26,15,14,5,5,14.0,71.0
02/11/2021 00:20:54,16,14,5,5,14.0,71.2
02/11/2021 00:36:17,15,14,5,5,14.0,71.4
02/11/2021 00:51:23,12,11,4,4,14.0,72.4
02/11/2021 01:01:47,11,10,4,4,14.2,73.0
02/11/2021 01:13:55,11,10,4,4,14.2,72.9
02/11/2021 01:27:14,11,10,4,4,14.2,72.5
02/11/2021 01:54:17,11,10,4,4,14.2,72.2
02/11/2021 02:04:13,26,24,10,10,14.1,65.9
02/11/2021 02:20:19,25,23,10,10,13.9,65.7
02/11/2021 02:30:28,25,24,10,10,13.9,67.2
02/11/2021 02:47:00,24,22,9,9,13.9,69.2
02/11/2021 02:58:54,22,20,9,9,13.9,70.2
02/11/2021 03:12:14,20,19,8,8,14.0,70.7
02/11/2021 03:39:16,18,17,7,7,14.0,70.8
02/11/2021 03:49:12,17,16,7,7,14.0,70.9
02/11/2021 04:05:19,16,14,6,6,14.0,71.8
02/11/2021 04:15:26,14,13,6,6,14.1,71.7
02/11/2021 04:28:00,13,12,5,5,14.1,72.1
02/11/2021 04:54:32,11,10,5,5,14.1,71.4
02/11/2021 05:02:33,10,10,5,5,14.1,71.5
02/11/2021 05:14:02,10,10,4,4,14.1,72.2
02/11/2021 05:27:17,10,9,4,4,14.1,73.0
02/11/2021 05:54:12,9,9,4,4,14.1,73.0
02/11/2021 06:02:24,12,11,5,5,14.0,68.4
02/11/2021 06:23:04,11,10,4,4,14.0,68.6
02/11/2021 06:33:35,9,9,4,4,13.9,68.3
02/11/2021 06:44:34,9,8,4,4,13.8,68.2
02/11/2021 06:57:33,8,8,4,4,13.7,68.1
02/11/2021 07:11:33,8,7,3,3,13.7,68.4
02/11/2021 07:38:55,7,7,3,3,13.6,68.4
02/11/2021 07:49:06,7,6,3,3,13.5,68.6
02/11/2021 07:59:48,7,6,3,3,13.4,69.0
02/11/2021 08:12:38,6,6,3,3,13.4,69.5
02/11/2021 08:39:26,6,6,3,3,13.3,69.9
02/11/2021 08:47:26,6,5,3,3,13.3,70.5
02/11/2021 08:58:57,6,5,3,3,13.3,70.3
02/11/2021 09:16:59,6,5,3,3,13.2,70.3
02/11/2021 09:38:00,6,5,3,3,13.2,71.0
02/11/2021 09:48:30,6,5,3,3,13.2,72.1
02/11/2021 10:05:02,6,5,3,3,13.1,73.1
02/11/2021 10:20:41,5,5,3,3,13.1,73.0
02/11/2021 10:36:01,5,5,3,3,13.1,73.5
02/11/2021 10:45:42,5,4,2,2,13.1,73.7
02/11/2021 10:58:04,5,4,2,2,13.1,73.5
02/11/2021 11:24:31,5,4,3,3,13.0,74.2
02/11/2021 11:32:35,8,8,4,4,13.0,68.7
02/11/2021 11:44:04,10,9,4,4,12.9,66.3
02/11/2021 11:57:18,11,10,5,5,12.8,65.1
02/11/2021 12:24:12,12,11,6,5,12.8,64.1
02/11/2021 12:32:22,12,11,6,6,12.7,63.0
02/11/2021 12:53:04,14,13,6,6,12.7,62.3
02/11/2021 13:03:35,13,12,6,6,12.6,61.7
02/11/2021 13:14:34,10,9,5,5,12.6,63.0
02/11/2021 13:27:33,10,9,4,4,12.8,66.7
02/11/2021 13:54:19,8,8,4,4,13.0,68.9
02/11/2021 14:02:26,8,8,4,4,13.2,70.0
02/11/2021 14:23:13,11,10,4,4,13.4,70.6
02/11/2021 14:31:53,8,8,4,4,13.4,71.3
02/11/2021 14:46:56,8,8,4,4,13.6,65.6
02/11/2021 14:58:54,10,9,4,4,13.5,68.5
02/11/2021 15:12:14,7,7,4,3,13.5,70.5
02/11/2021 15:39:15,7,6,4,3,13.6,71.1
02/11/2021 15:49:08,6,5,3,3,13.7,71.7
02/11/2021 16:01:50,5,5,4,3,13.8,72.7
02/11/2021 16:23:02,6,5,3,3,13.8,72.3
02/11/2021 16:31:45,5,5,3,3,13.8,72.0
02/11/2021 16:52:50,6,5,3,3,13.8,67.1
02/11/2021 17:03:26,9,9,3,3,13.6,65.8
02/11/2021 17:19:56,11,10,3,3,13.6,67.9
02/11/2021 17:30:10,6,5,3,3,13.6,69.3
02/11/2021 17:42:49,6,5,3,3,13.7,70.1
02/11/2021 18:09:32,6,5,3,3,13.7,71.0
02/11/2021 18:17:32,11,10,3,3,13.7,66.6
02/11/2021 18:29:03,19,19,3,3,13.6,66.3
02/11/2021 18:42:16,15,14,3,3,13.6,68.7
02/11/2021 19:09:09,10,9,3,3,13.7,69.9
02/11/2021 19:17:19,9,8,3,3,13.7,70.5
02/11/2021 19:38:02,8,7,3,3,13.8,70.9
02/11/2021 19:48:33,8,7,3,3,13.8,71.1
02/11/2021 20:01:51,7,6,3,3,13.9,71.1
02/11/2021 20:23:06,10,9,3,3,13.8,67.1
02/11/2021 20:31:49,16,15,4,4,13.7,67.3
02/11/2021 20:43:41,12,11,4,4,13.7,69.1
02/11/2021 20:57:07,10,10,4,4,13.8,70.4
02/11/2021 21:11:20,10,10,4,4,13.8,70.9
02/11/2021 21:38:49,11,10,4,4,13.8,70.2
02/11/2021 21:47:11,12,11,4,4,13.8,70.1
02/11/2021 22:07:58,14,13,4,4,13.7,69.3
02/11/2021 22:16:45,16,15,4,4,13.7,69.0
02/11/2021 22:28:39,15,14,4,4,13.6,68.9
02/11/2021 22:42:06,17,17,4,4,13.6,68.8
02/11/2021 23:09:05,11,11,4,4,13.5,68.8
02/11/2021 23:18:33,14,12,0,0,13.4,69.4
02/11/2021 23:33:46,11,10,5,4,13.3,69.5
02/11/2021 23:44:50,12,12,4,4,13.3,69.3
02/11/2021 23:57:41,13,12,4,4,13.2,69.6
02/12/2021 00:11:37,10,9,4,4,13.2,70.3
02/12/2021 00:26:06,9,8,4,4,13.1,71.1
02/12/2021 00:47:10,10,10,4,4,13.1,72.2
02/12/2021 01:08:06,9,8,4,4,13.0,72.6
02/12/2021 01:16:50,8,7,4,4,13.0,73.1
02/12/2021 01:37:53,9,8,4,4,12.9,72.9
02/12/2021 01:48:30,8,8,4,4,12.9,73.0
02/12/2021 02:04:57,7,7,3,3,12.9,73.2
02/12/2021 02:18:41,7,6,4,4,12.8,73.5
02/12/2021 02:29:47,7,7,3,3,12.8,73.6
02/12/2021 02:48:53,7,6,4,4,12.8,73.7
02/12/2021 02:59:46,7,6,3,3,12.7,73.9
02/12/2021 03:12:39,7,7,3,3,12.7,74.3
02/12/2021 03:26:34,7,6,3,3,12.7,74.4
02/12/2021 03:41:00,6,6,3,3,12.6,74.5
02/12/2021 03:55:44,6,6,3,3,12.6,74.5
02/12/2021 04:23:28,6,5,3,3,12.6,74.4
02/12/2021 04:31:56,6,5,3,3,12.6,74.4
02/12/2021 04:52:54,6,5,3,3,12.6,74.6
02/12/2021 05:01:40,5,5,3,3,12.6,74.6
02/12/2021 05:13:33,5,5,2,2,12.6,74.7
02/12/2021 05:26:59,5,4,2,2,12.6,75.0
02/12/2021 05:53:58,5,4,2,2,12.5,75.3
02/12/2021 06:02:11,4,4,2,2,12.5,75.4
02/12/2021 06:22:53,4,4,2,2,12.5,75.5
02/12/2021 06:33:25,4,4,2,2,12.5,75.4
02/12/2021 06:44:24,4,4,2,2,12.5,75.6
02/12/2021 07:06:31,4,4,2,2,12.5,75.6
02/12/2021 07:15:57,4,3,2,2,12.5,75.5
02/12/2021 07:37:24,4,3,2,2,12.4,75.6
02/12/2021 07:46:24,3,3,2,2,12.4,75.7
02/12/2021 08:07:37,3,3,2,2,12.4,76.0
02/12/2021 08:16:30,3,3,2,2,12.4,75.8
02/12/2021 08:37:33,3,3,2,2,12.4,75.9
02/12/2021 08:48:22,3,3,2,2,12.4,75.6
02/12/2021 09:04:50,4,3,2,2,12.4,75.9
02/12/2021 09:15:07,4,4,2,2,12.4,75.7
02/12/2021 09:31:55,4,4,2,2,12.5,75.4
02/12/2021 09:43:46,4,3,2,2,12.5,75.8
02/12/2021 09:57:05,4,4,2,2,12.5,75.7
02/12/2021 10:11:16,5,5,2,2,12.5,75.5
02/12/2021 10:25:54,5,5,2,2,12.5,75.5
02/12/2021 10:40:39,6,6,3,3,12.5,75.0
02/12/2021 11:08:21,8,7,3,3,12.5,74.5
02/12/2021 11:16:55,8,7,3,3,12.5,74.6
02/12/2021 11:37:54,7,6,3,3,12.5,74.9
02/12/2021 11:46:42,7,7,3,3,12.5,75.1
02/12/2021 11:58:36,8,7,3,3,12.5,75.0
02/12/2021 12:12:04,8,7,3,3,12.5,75.5
02/12/2021 12:39:05,8,8,3,3,12.5,76.0
02/12/2021 12:47:18,9,8,3,3,12.5,76.1
02/12/2021 13:08:02,11,10,4,4,12.5,74.6
02/12/2021 13:18:34,28,27,10,10,12.5,74.2
02/12/2021 13:29:34,32,31,11,11,12.5,73.7
02/12/2021 13:42:33,30,28,10,10,12.6,73.1
02/12/2021 14:03:58,27,26,10,10,12.6,73.0
02/12/2021 14:20:24,27,26,9,9,12.6,73.2
02/12/2021 14:30:28,28,27,9,9,12.6,74.3
02/12/2021 14:52:13,29,27,9,9,12.7,72.3
02/12/2021 15:01:44,74,61,32,32,13.0,68.6
02/12/2021 15:13:56,84,74,41,41,13.0,67.1
02/12/2021 15:27:14,92,84,49,49,13.0,64.4
02/12/2021 15:41:25,100,95,53,53,12.9,60.4
02/12/2021 15:56:02,103,98,55,55,12.7,58.1
02/12/2021 16:19:04,165,157,98,98,12.7,63.8
02/12/2021 16:29:51,177,169,105,105,12.8,66.0
02/12/2021 16:51:50,178,169,104,104,12.9,66.0
02/12/2021 17:01:45,148,141,86,86,13.0,65.3
02/12/2021 17:23:09,216,204,139,139,13.0,66.5
02/12/2021 17:33:37,242,227,163,163,13.1,67.8
02/12/2021 17:50:09,218,206,148,148,13.1,68.8
02/12/2021 18:05:50,182,172,125,125,13.2,69.0
02/12/2021 18:21:07,164,156,114,114,13.3,69.7
02/12/2021 18:31:46,149,142,101,101,13.4,70.0
02/12/2021 18:53:07,141,135,93,93,13.5,70.3
02/12/2021 19:01:41,125,118,86,86,13.6,70.4
02/12/2021 19:23:08,121,116,81,81,13.6,70.8
02/12/2021 19:31:42,97,93,65,65,13.7,70.3
02/12/2021 19:53:09,139,132,86,86,13.7,67.6
02/12/2021 20:01:50,95,89,59,59,13.7,67.1
02/12/2021 20:22:56,86,77,51,51,13.7,68.2
02/12/2021 20:33:30,81,70,48,48,13.7,68.9
02/12/2021 20:50:00,79,66,47,47,13.8,69.5
02/12/2021 21:01:49,74,60,39,39,13.9,69.4
02/12/2021 21:13:54,74,61,40,40,13.9,70.3
02/12/2021 21:27:14,67,55,35,35,14.0,70.0
02/12/2021 21:41:23,66,54,33,33,14.1,70.4
02/12/2021 21:56:01,61,50,29,29,14.1,70.0
02/12/2021 22:19:03,58,48,28,28,14.2,70.4
02/12/2021 22:29:49,56,47,26,26,14.2,70.6
02/12/2021 22:42:41,55,46,24,24,14.2,71.0
02/12/2021 23:09:29,49,42,21,21,14.3,70.5
02/12/2021 23:19:17,46,40,20,20,14.3,70.9
02/12/2021 23:35:28,45,39,19,19,14.3,71.0
02/12/2021 23:45:31,42,38,18,18,14.3,71.1
02/12/2021 23:58:03,40,36,16,16,14.3,71.1
02/13/2021 00:24:34,36,34,15,15,14.3,71.1
02/13/2021 00:32:33,34,32,14,14,14.4,71.5
02/13/2021 00:44:04,32,31,13,13,14.4,71.4
02/13/2021 00:57:17,31,29,12,12,14.4,71.4
02/13/2021 01:24:13,28,27,12,12,14.4,71.4
02/13/2021 01:50:24,25,24,10,10,14.4,71.3
02/13/2021 02:05:54,24,23,10,10,14.4,71.9
02/13/2021 02:21:16,23,22,10,10,14.4,72.0
02/13/2021 02:36:22,21,21,9,9,14.4,72.4
02/13/2021 02:51:29,27,26,11,11,14.4,67.2
02/13/2021 03:01:02,24,22,9,9,14.3,68.2
02/13/2021 03:13:16,22,21,9,9,14.2,67.6
02/13/2021 03:39:41,21,20,9,9,14.2,68.6
02/13/2021 03:47:36,19,18,8,8,14.1,68.1
02/13/2021 03:59:04,18,17,7,7,14.0,68.5
02/13/2021 04:12:18,17,16,7,7,13.9,69.5
02/13/2021 04:39:11,17,16,7,7,13.9,70.5
02/13/2021 05:05:23,17,16,7,7,13.7,71.8
02/13/2021 05:20:55,16,15,7,7,13.7,72.4
02/13/2021 05:36:16,16,15,6,6,13.6,72.9
02/13/2021 05:51:20,15,14,6,6,13.5,73.1
02/13/2021 06:06:29,15,14,6,6,13.5,73.4
02/13/2021 06:16:00,14,14,6,6,13.4,73.7
02/13/2021 06:28:16,14,13,6,6,13.4,73.6
02/13/2021 06:48:57,13,12,5,5,13.3,73.8
02/13/2021 06:59:50,12,11,5,5,13.3,74.0
02/13/2021 07:21:46,12,11,5,5,13.2,74.2
02/13/2021 07:33:03,12,11,5,5,13.2,74.5
02/13/2021 07:49:44,10,10,5,5,13.1,74.6
02/13/2021 08:05:41,10,10,4,4,13.1,74.7
02/13/2021 08:15:36,10,9,4,4,13.1,74.8
02/13/2021 08:28:05,10,9,4,4,13.1,75.0
02/13/2021 08:47:04,9,8,4,4,13.0,75.1
02/13/2021 09:08:05,9,8,4,4,13.0,75.2
02/13/2021 09:16:49,9,8,4,4,13.0,75.2
02/13/2021 09:33:48,9,8,4,4,13.0,75.3
02/13/2021 09:44:48,8,8,4,4,13.0,75.3
02/13/2021 09:57:40,8,8,4,4,12.9,74.9
02/13/2021 10:24:27,7,7,3,3,13.0,74.2
02/13/2021 10:34:15,8,7,3,3,12.9,74.0
02/13/2021 10:50:25,7,7,3,3,13.0,73.9
02/13/2021 11:39:28,6,6,3,3,13.0,73.4
02/13/2021 11:47:28,6,5,3,3,13.0,73.1
02/13/2021 11:58:57,6,6,3,3,13.0,73.1
02/13/2021 12:18:52,6,5,3,3,13.0,73.8
02/13/2021 12:29:42,5,5,3,3,13.0,73.4
02/13/2021 12:48:49,6,5,3,3,13.0,73.7
02/13/2021 13:05:18,6,5,3,3,13.0,73.6
02/13/2021 13:20:46,5,5,2,2,13.0,73.5
02/13/2021 13:36:10,5,5,3,3,13.0,73.9
02/13/2021 13:51:13,5,5,2,2,13.0,73.7
02/13/2021 14:01:44,5,5,2,2,13.0,74.4
02/13/2021 14:13:45,4,4,2,2,13.0,74.0
02/13/2021 14:27:06,4,4,2,2,13.0,73.5
02/13/2021 14:48:54,5,4,3,3,13.0,73.3
02/13/2021 14:59:40,5,4,2,2,13.0,73.8
02/13/2021 15:12:33,4,4,2,2,13.0,74.0
02/13/2021 15:39:21,4,4,2,2,13.0,74.3
02/13/2021 15:49:09,4,4,2,2,12.9,74.4
02/13/2021 16:05:20,4,4,2,2,12.9,74.8
02/13/2021 16:15:22,4,4,2,2,12.9,75.7
02/13/2021 16:27:53,4,3,2,2,12.8,76.0
02/13/2021 16:54:25,3,3,2,2,12.8,76.2
02/13/2021 17:02:24,4,3,2,2,12.8,76.5
02/13/2021 17:13:54,3,3,2,2,12.8,76.6
02/13/2021 17:27:08,3,3,2,2,12.8,76.7
02/13/2021 17:54:03,3,3,2,2,12.7,76.7
02/13/2021 18:02:12,3,3,2,2,12.7,76.9
02/13/2021 18:22:55,3,3,2,2,12.7,77.0
02/13/2021 18:33:28,3,3,2,2,12.7,77.0
02/13/2021 18:44:24,4,3,2,2,12.7,76.7
02/13/2021 19:06:31,4,4,2,2,12.6,76.1
02/13/2021 19:18:37,4,3,3,3,12.6,76.4
02/13/2021 19:35:18,6,5,3,3,12.6,75.3
02/13/2021 19:50:52,8,7,4,4,12.6,72.4
02/13/2021 20:00:42,10,9,4,4,12.6,71.8
02/13/2021 20:22:13,12,11,5,5,12.6,70.2
02/13/2021 20:33:16,14,13,5,5,12.6,69.0
02/13/2021 20:44:24,19,18,7,7,12.7,69.5
02/13/2021 20:57:28,26,25,9,9,12.7,69.3
02/13/2021 21:24:22,23,22,8,8,12.8,69.1
02/13/2021 21:32:27,23,22,8,8,12.9,70.1
02/13/2021 21:44:01,24,23,8,8,13.0,70.9
02/13/2021 21:57:15,27,26,7,7,13.1,71.5
02/13/2021 22:24:10,26,25,6,6,13.2,71.9
02/13/2021 22:50:22,21,20,7,7,13.4,71.5
02/13/2021 23:05:52,25,24,7,7,13.3,67.7
02/13/2021 23:15:42,23,22,7,7,13.4,69.9
02/13/2021 23:37:12,20,19,6,6,13.4,71.3
02/13/2021 23:48:15,18,17,6,6,13.5,72.1
02/13/2021 23:59:22,17,16,6,6,13.5,72.4
02/14/2021 00:12:27,15,14,5,5,13.6,72.6
02/14/2021 00:32:06,12,12,5,5,13.7,73.1
02/14/2021 00:43:53,12,11,5,5,13.7,73.3
02/14/2021 00:57:12,10,10,4,4,13.7,73.5
02/14/2021 01:19:00,11,10,4,4,13.8,73.6
02/14/2021 01:35:22,9,9,4,4,13.8,73.6
02/14/2021 01:50:53,9,9,4,4,13.9,73.9
02/14/2021 02:01:45,8,8,4,4,14.0,74.2
02/14/2021 02:13:51,8,8,3,3,14.0,74.3
02/14/2021 02:27:10,8,8,3,3,14.0,74.0
02/14/2021 02:54:12,8,7,3,3,14.0,74.4
02/14/2021 03:04:07,7,7,3,3,14.1,74.5
02/14/2021 03:20:13,7,7,3,3,14.1,74.4
02/14/2021 03:30:19,6,6,3,3,14.2,75.3
02/14/2021 03:42:53,7,7,3,3,14.2,74.8
02/14/2021 04:09:26,6,6,3,3,14.3,74.4
02/14/2021 04:17:26,6,6,3,3,14.3,74.4
02/14/2021 04:28:55,6,5,3,3,14.3,74.6
02/14/2021 04:42:09,6,5,3,3,14.3,75.1
02/14/2021 05:09:07,7,6,3,3,14.3,73.0
02/14/2021 05:17:20,10,9,4,4,14.2,67.8
02/14/2021 05:38:03,33,31,10,10,14.1,70.2
02/14/2021 05:48:33,59,49,18,18,14.2,71.2
02/14/2021 05:59:33,65,54,21,21,14.3,71.7
02/14/2021 06:12:34,65,54,22,22,14.3,72.2
02/14/2021 06:26:31,65,54,22,22,14.4,72.7
02/14/2021 06:53:56,61,51,21,21,14.5,73.0
02/14/2021 07:04:06,55,46,19,19,14.5,73.2
02/14/2021 07:14:49,54,46,18,18,14.6,73.8
02/14/2021 07:27:39,50,43,17,17,14.6,73.8
02/14/2021 07:54:30,48,41,16,16,14.6,73.8
02/14/2021 08:02:29,58,50,25,25,14.6,72.1
02/14/2021 08:14:01,56,47,21,21,14.6,71.7
02/14/2021 08:27:15,56,47,21,21,14.5,71.8
02/14/2021 08:54:10,56,47,21,21,14.4,72.1
02/14/2021 09:02:19,55,46,20,20,14.4,72.2
02/14/2021 09:13:56,51,43,18,18,14.3,72.4
02/14/2021 09:40:33,46,40,16,16,14.2,72.8
02/14/2021 10:02:09,45,40,16,16,14.2,73.0
02/14/2021 10:08:02,50,43,17,17,14.3,72.5
02/14/2021 10:18:35,41,37,14,14,14.2,73.0
02/14/2021 10:35:07,38,35,13,13,14.1,72.8
02/14/2021 10:50:46,35,34,13,13,14.1,72.8
02/14/2021 11:06:05,34,33,12,12,14.0,73.1
02/14/2021 11:15:49,33,32,11,11,14.0,73.3
02/14/2021 11:28:10,31,30,11,11,14.0,73.4
02/14/2021 11:54:36,29,28,10,10,13.9,73.4
02/14/2021 12:02:33,26,25,10,10,13.9,73.6
02/14/2021 12:14:02,26,25,9,9,13.9,73.9
02/14/2021 12:27:16,25,24,9,9,13.9,73.9
02/14/2021 12:54:10,24,23,8,8,13.8,73.9
02/14/2021 13:02:19,21,21,8,8,13.8,74.0
02/14/2021 13:23:01,18,18,7,7,13.8,74.2
02/14/2021 13:33:33,18,17,6,6,13.8,74.2
02/14/2021 13:44:32,16,16,6,6,13.8,74.2
02/14/2021 13:57:32,16,15,6,6,13.8,74.5
02/14/2021 14:24:17,16,15,6,6,13.7,74.4
02/14/2021 14:32:25,15,15,6,6,13.7,74.3
02/14/2021 14:53:11,15,14,5,5,13.7,74.3
02/14/2021 15:01:39,13,13,6,6,13.7,74.4
02/14/2021 15:23:05,15,15,5,5,13.7,74.5
02/14/2021 15:33:34,15,14,5,5,13.7,74.0
02/14/2021 15:50:06,15,15,5,5,13.7,74.3
02/14/2021 16:05:45,14,14,4,4,13.7,74.6
02/14/2021 16:21:04,15,14,4,4,13.7,74.8
02/14/2021 16:30:47,15,14,4,4,13.7,74.9
02/14/2021 16:43:09,15,14,4,4,13.6,75.3
02/14/2021 17:09:35,15,15,4,4,13.6,75.2
02/14/2021 17:17:33,13,13,4,4,13.6,75.2
02/14/2021 17:29:01,16,15,4,4,13.6,75.1
02/14/2021 17:42:15,17,17,3,3,13.6,75.1
02/14/2021 18:09:09,18,17,3,3,13.6,75.0
02/14/2021 18:17:19,20,20,3,3,13.6,74.8
02/14/2021 18:38:00,21,20,3,3,13.5,74.8
02/14/2021 18:48:32,17,16,3,3,13.6,74.9
02/14/2021 18:59:32,20,19,3,3,13.6,74.9
02/14/2021 19:12:30,21,21,3,3,13.6,75.7
02/14/2021 19:39:17,25,24,4,4,13.5,76.1
02/14/2021 19:47:24,31,30,4,4,13.5,75.2
02/14/2021 20:08:11,20,19,4,4,13.5,74.7
02/14/2021 20:16:51,15,15,4,4,13.6,76.0
02/14/2021 20:28:40,10,10,4,4,13.7,76.8
02/14/2021 20:42:05,9,8,4,4,13.8,76.5
02/14/2021 20:56:19,11,10,4,4,13.8,73.8
02/14/2021 21:10:53,13,12,5,5,13.9,74.0
02/14/2021 21:38:29,14,13,6,6,14.2,73.5
02/15/2021 00:59:37,22,20,9,9,14.5,72.1
02/15/2021 01:02:51,21,19,8,8,14.5,72.9
02/15/2021 01:13:32,23,21,9,9,14.4,71.6
02/15/2021 01:16:52,20,19,8,8,14.4,71.7
02/15/2021 01:19:18,19,18,8,8,14.5,71.5
02/15/2021 01:24:38,20,18,8,8,14.5,71.6
02/15/2021 01:28:08,22,20,9,9,14.4,71.9
02/15/2021 01:30:45,19,17,8,8,14.6,71.8
02/15/2021 01:35:31,19,17,8,8,14.6,71.7
02/15/2021 01:35:58,19,18,8,8,14.7,71.6
02/15/2021 01:42:16,21,19,9,8,14.4,72.1
02/15/2021 01:58:32,20,19,8,8,14.5,72.7
02/15/2021 02:11:25,18,17,7,7,14.6,73.3
02/15/2021 02:12:29,19,17,8,8,14.8,72.0
02/15/2021 02:14:37,21,19,8,8,14.8,71.8
02/15/2021 02:33:52,19,18,8,8,14.7,68.6
02/15/2021 02:45:20,93,61,176,176,14.7,69.1
02/15/2021 02:48:43,20,18,9,9,14.8,71.9
02/15/2021 02:50:00,21,19,8,8,14.6,71.5
02/15/2021 02:50:31,22,20,9,9,14.5,71.8
02/15/2021 03:03:18,105,39,143,143,14.8,70.2
02/15/2021 03:07:15,17,16,7,7,14.4,72.5
02/15/2021 03:14:25,69,219,115,115,14.9,70.8
02/15/2021 03:27:31,239,150,17,17,15.0,71.7
02/15/2021 03:54:24,170,94,209,209,15.1,72.3
02/15/2021 04:02:30,164,88,246,246,15.2,72.5
02/15/2021 04:14:00,163,88,12,11,15.2,72.7
02/15/2021 04:27:16,110,43,220,219,15.2,73.2
02/15/2021 04:54:11,77,15,186,185,15.3,73.7
02/15/2021 05:02:22,63,3,196,194,15.3,73.6
02/15/2021 05:16:53,4,209,157,155,15.3,73.7
02/15/2021 05:38:06,216,170,101,99,15.3,73.0
02/15/2021 05:48:36,190,145,84,80,15.2,68.4
02/15/2021 06:05:08,212,166,99,96,15.2,71.2
02/15/2021 06:20:47,183,141,81,77,15.2,72.4
02/15/2021 06:36:07,138,99,37,33,15.4,73.0
02/15/2021 06:45:48,78,46,249,246,15.6,73.3
02/15/2021 06:58:12,45,16,225,222,15.7,71.8
02/15/2021 07:24:37,3,234,197,193,15.7,71.5
02/15/2021 07:32:34,243,221,182,179,15.7,72.5
02/15/2021 07:44:03,225,205,165,162,15.7,73.1
02/15/2021 07:57:17,174,158,124,122,15.7,70.0
02/15/2021 08:24:12,150,137,110,108,15.6,70.7
02/15/2021 08:32:21,137,126,99,96,15.6,71.1
02/15/2021 08:53:04,129,118,87,86,15.5,71.6
02/15/2021 09:03:34,118,109,80,78,15.4,72.3
02/15/2021 09:14:34,110,101,73,71,15.4,72.5
02/15/2021 09:27:32,98,90,65,63,15.3,72.7
02/15/2021 09:54:19,92,84,59,58,15.3,72.7
02/15/2021 10:02:25,88,79,55,54,15.3,72.7
02/15/2021 10:23:13,85,76,53,52,15.2,73.1
02/15/2021 10:31:52,82,70,50,49,15.2,73.3
02/15/2021 10:43:43,80,67,47,46,15.2,73.9
02/15/2021 11:02:02,78,64,45,45,15.2,74.9
02/15/2021 11:23:05,77,63,43,43,15.2,75.1
02/15/2021 11:33:35,75,60,42,41,15.2,75.3
02/15/2021 11:50:07,73,58,38,38,15.2,75.9
02/15/2021 12:05:46,71,56,37,37,15.2,76.6
02/15/2021 12:21:05,68,54,35,34,15.2,76.8
02/15/2021 12:30:49,66,53,32,32,15.2,76.8
02/15/2021 12:43:10,64,52,31,30,15.2,77.0
02/15/2021 13:09:37,62,50,30,30,15.2,77.4
02/15/2021 13:17:37,60,49,27,27,15.2,77.6
02/15/2021 13:29:03,59,48,27,27,15.2,77.8
02/15/2021 13:42:18,57,47,25,25,15.2,77.9
02/15/2021 14:02:04,54,45,24,24,15.2,78.0
02/15/2021 14:13:51,53,43,22,22,15.2,78.1
02/15/2021 14:27:10,51,42,21,21,15.2,78.4
02/15/2021 14:41:20,49,41,20,19,15.3,78.3
02/15/2021 14:55:56,45,38,18,18,15.3,78.1
02/15/2021 15:10:43,44,37,17,17,15.3,78.3
02/15/2021 15:38:24,42,36,17,17,15.3,79.9
02/15/2021 15:46:57,37,34,15,15,15.5,80.7
02/15/2021 16:07:58,34,31,14,14,15.6,81.0
02/15/2021 16:16:43,31,29,13,12,15.8,81.0
02/15/2021 16:33:47,27,25,11,11,15.9,80.6
02/15/2021 16:50:23,22,20,9,9,16.0,79.2
02/15/2021 17:05:52,16,15,7,7,16.0,77.5
02/15/2021 17:21:15,14,13,6,6,15.9,76.1
02/15/2021 17:36:18,13,12,6,5,15.9,77.4
02/15/2021 17:51:28,12,11,5,5,16.0,75.7
02/15/2021 18:00:59,13,11,5,5,15.9,73.3
02/15/2021 18:18:48,13,12,5,5,15.8,72.5
02/15/2021 18:35:22,19,17,7,7,15.7,70.1
02/15/2021 18:50:51,17,16,7,7,15.6,68.4
02/15/2021 19:06:14,15,13,6,6,15.5,69.1
02/15/2021 19:21:18,13,12,5,5,15.5,71.1
02/15/2021 19:31:43,13,11,5,5,15.8,73.4
02/15/2021 19:53:04,13,12,5,5,15.8,73.6
02/15/2021 20:01:46,11,11,5,5,15.9,73.7
02/15/2021 20:22:51,11,10,4,4,16.0,74.3
02/15/2021 20:33:26,9,9,4,4,16.1,74.8
02/15/2021 20:49:55,8,8,4,4,16.2,74.8
02/15/2021 21:00:11,8,8,4,4,16.3,75.3
02/15/2021 21:12:50,7,7,3,3,16.3,75.4
02/15/2021 21:39:32,7,6,3,3,16.4,75.2
02/15/2021 21:47:31,9,8,4,4,16.4,72.5
02/15/2021 21:59:01,9,8,4,4,16.3,67.8
02/15/2021 22:12:16,7,7,3,3,16.2,70.2
02/15/2021 22:39:05,6,6,3,3,16.2,72.0
02/15/2021 22:47:16,6,6,3,3,16.3,72.9
02/15/2021 23:07:57,6,5,3,3,16.4,73.2
02/15/2021 23:18:27,6,5,3,3,16.4,73.8
02/15/2021 23:29:25,5,5,3,3,16.5,74.2
02/15/2021 23:42:23,5,5,2,2,16.6,74.2
02/16/2021 00:09:09,6,5,2,2,16.6,74.6
02/16/2021 00:19:08,5,4,2,2,16.7,75.1
02/16/2021 00:35:22,6,5,3,3,16.8,73.9
02/16/2021 00:45:22,6,5,3,3,16.8,72.9
02/16/2021 00:57:52,5,5,3,3,16.8,73.9
02/16/2021 01:11:37,5,4,2,2,16.9,73.8
02/16/2021 01:38:54,5,5,3,3,16.9,73.1
02/16/2021 01:48:55,6,5,3,3,16.8,72.3
02/16/2021 01:59:40,7,6,3,3,16.8,72.0
02/16/2021 02:21:39,6,5,3,3,16.8,71.5
02/16/2021 02:31:02,6,6,3,3,16.8,70.9
02/16/2021 02:43:13,6,6,3,3,16.8,70.7
02/16/2021 03:09:43,6,6,3,3,16.8,70.6
02/16/2021 03:17:35,7,6,3,3,16.8,70.7
02/16/2021 03:29:02,7,6,3,3,16.8,70.8
02/16/2021 03:42:14,7,6,3,3,16.8,70.8
02/16/2021 04:09:07,7,6,3,3,16.8,70.4
02/16/2021 04:17:16,7,6,3,3,16.9,66.2
02/16/2021 04:37:57,6,6,3,3,17.2,65.5
02/16/2021 04:48:28,7,6,3,3,17.6,70.1
02/16/2021 05:03:41,6,6,3,3,17.9,70.8
02/16/2021 05:14:42,6,6,3,3,17.9,71.5
02/16/2021 05:27:34,6,5,3,3,17.9,70.4
02/16/2021 05:54:23,6,6,3,3,17.8,66.5
02/16/2021 06:18:41,6,5,3,3,17.5,70.1
02/16/2021 06:29:41,5,5,3,3,17.4,70.3
02/16/2021 06:46:54,6,5,3,3,17.4,71.0
02/16/2021 07:08:00,6,6,3,3,17.3,71.4
02/16/2021 07:16:45,16,13,9,8,17.1,67.1
02/16/2021 07:37:51,14,12,7,7,16.8,65.1
02/16/2021 07:48:27,12,10,6,6,16.7,67.9
02/16/2021 08:04:54,11,9,6,5,16.7,69.0
02/16/2021 08:15:11,10,9,5,5,16.7,69.7
02/16/2021 08:27:50,10,8,5,5,16.6,70.2
02/16/2021 08:54:33,9,8,5,4,16.6,70.7
02/16/2021 09:02:31,9,8,5,4,16.6,71.2
02/16/2021 09:14:00,9,8,4,4,16.6,70.7
02/16/2021 09:27:14,9,7,4,4,16.6,73.1
02/16/2021 09:54:08,7,6,4,4,16.7,73.9
02/16/2021 10:02:18,8,7,4,3,16.7,74.5
02/16/2021 10:22:58,7,6,3,3,16.8,74.8
02/16/2021 10:33:29,7,6,3,3,16.8,75.0
02/16/2021 10:44:27,7,6,3,3,16.9,75.0
02/16/2021 10:57:25,6,5,3,3,17.0,75.1
02/16/2021 11:24:13,6,5,3,3,17.0,73.4
02/16/2021 11:34:14,7,6,4,3,17.0,72.4
02/16/2021 11:50:25,7,6,4,4,16.9,71.5
02/16/2021 12:00:26,8,6,4,3,16.9,71.7
02/16/2021 12:12:57,8,6,4,4,17.0,72.6
02/16/2021 12:33:55,7,6,5,4,17.1,72.7
02/16/2021 12:50:18,7,6,4,3,17.1,72.4
02/16/2021 13:00:23,7,6,3,3,17.1,71.4
02/16/2021 13:22:07,6,5,3,3,17.0,66.1
02/16/2021 13:33:02,5,5,3,3,16.9,67.8
02/16/2021 13:49:45,5,5,3,2,16.9,68.9
02/16/2021 14:00:03,5,4,3,2,16.9,69.6
02/16/2021 14:12:43,5,4,2,2,16.9,69.7
02/16/2021 14:39:26,5,4,2,2,16.9,69.9
02/16/2021 14:47:24,5,4,3,2,16.8,70.2
02/16/2021 14:58:53,5,4,2,2,16.8,70.8
02/16/2021 15:12:08,5,4,2,2,16.8,71.9
02/16/2021 15:39:02,4,4,2,2,16.8,72.7
02/16/2021 15:47:11,4,4,2,2,16.8,72.7
02/16/2021 16:07:54,4,4,2,2,16.8,72.6
02/16/2021 16:18:25,4,4,2,2,16.8,72.8
02/16/2021 16:29:24,4,4,2,2,16.8,72.7
02/16/2021 16:51:33,4,3,2,2,16.8,72.8
02/16/2021 17:02:42,4,3,2,2,16.7,72.9
02/16/2021 17:16:47,4,3,3,2,16.7,73.6
02/16/2021 17:37:56,3,3,2,2,16.7,73.4
02/16/2021 17:46:37,3,3,2,2,16.7,73.3
02/16/2021 18:07:41,3,2,2,2,16.7,73.3
02/16/2021 18:18:17,3,2,2,2,16.7,73.3
02/16/2021 18:34:45,3,2,2,2,16.7,73.2
02/16/2021 18:45:02,2,2,1,1,16.6,73.4
02/16/2021 18:57:41,2,2,1,1,16.6,73.7
02/16/2021 19:24:23,2,2,2,1,16.6,73.2
02/16/2021 19:32:22,3,2,2,2,16.6,72.3
02/16/2021 19:43:57,6,4,5,4,16.7,72.7
02/16/2021 19:57:12,6,4,8,5,16.7,72.3
02/16/2021 20:24:04,5,4,6,4,16.7,73.8
02/16/2021 20:33:29,0,0,0,0,16.9,74.9
02/16/2021 20:44:39,4,3,4,3,16.9,75.1
02/16/2021 20:57:31,3,2,5,3,17.0,75.4
02/16/2021 21:24:19,3,2,5,3,17.0,75.3
02/16/2021 21:34:07,3,2,4,3,17.1,75.7
02/16/2021 21:50:17,3,2,4,3,17.2,76.0
02/16/2021 22:00:20,3,2,4,3,17.2,75.9
02/16/2021 22:39:22,3,2,3,2,17.4,76.1
02/16/2021 22:47:21,2,2,3,2,17.4,76.2
02/16/2021 22:58:50,2,1,3,2,17.5,76.1
02/16/2021 23:12:06,2,1,4,2,17.5,76.3
02/16/2021 23:39:00,2,2,4,3,17.6,76.5
02/16/2021 23:47:10,2,1,4,3,17.6,76.3
02/17/2021 00:07:52,2,1,4,2,17.7,76.4
02/17/2021 00:18:24,3,2,4,2,17.7,76.3
02/17/2021 00:33:38,2,1,2,2,17.8,76.4
02/17/2021 00:50:11,2,1,3,2,17.8,76.4
02/17/2021 01:05:42,2,1,3,2,17.8,76.6
02/17/2021 01:15:33,3,2,5,4,17.8,70.7
02/17/2021 01:37:05,4,3,6,4,17.5,67.1
02/17/2021 01:46:41,63,53,18,18,17.6,71.2
02/17/2021 01:58:51,88,81,42,42,17.7,71.2
02/17/2021 02:12:11,93,87,51,51,17.8,71.6
02/17/2021 02:39:17,92,88,56,56,17.9,72.0
02/17/2021 02:49:09,72,53,248,248,17.8,67.8
02/17/2021 03:05:17,4,243,183,183,17.7,68.8
02/17/2021 03:15:23,233,218,165,165,17.7,69.8
02/17/2021 03:27:58,210,199,148,148,17.6,70.5
02/17/2021 03:54:30,200,189,136,136,17.6,70.7
02/17/2021 04:02:31,191,179,127,127,17.5,70.8
02/17/2021 04:14:00,181,170,118,118,17.5,70.9
02/17/2021 04:27:16,161,153,108,108,17.4,71.2
02/17/2021 04:54:10,148,140,97,97,17.4,71.5
02/17/2021 05:02:21,135,128,87,87,17.3,71.6
02/17/2021 05:23:02,122,115,78,78,17.3,71.6
02/17/2021 05:33:33,113,106,72,72,17.2,72.1
02/17/2021 05:44:31,102,96,65,65,17.2,72.4
02/17/2021 06:01:58,92,86,58,58,17.2,72.5
02/17/2021 06:13:51,88,82,55,55,17.2,72.6
02/17/2021 06:27:10,83,76,50,50,17.1,73.1
02/17/2021 06:41:21,80,70,46,46,17.1,73.3
02/17/2021 07:03:59,75,62,41,41,17.1,73.5
02/17/2021 07:20:21,72,58,37,37,17.0,73.4
02/17/2021 07:30:25,69,55,34,34,17.0,73.9
02/17/2021 07:48:48,64,51,30,30,17.0,74.1
02/17/2021 08:05:21,61,50,28,28,17.0,74.3
02/17/2021 08:20:50,56,46,24,24,16.9,74.3
02/17/2021 08:36:14,51,42,21,21,16.9,74.6
02/17/2021 08:51:16,47,39,19,19,16.9,74.6
02/17/2021 09:06:27,43,37,16,16,16.8,74.6
02/17/2021 09:15:57,36,32,14,14,16.8,74.4
02/17/2021 09:28:14,31,28,12,12,16.8,74.5
02/17/2021 09:54:37,27,25,11,11,16.8,74.8
02/17/2021 10:02:33,25,22,10,10,16.7,74.8
02/17/2021 10:14:03,21,19,9,8,16.7,75.0
02/17/2021 10:27:14,18,17,8,7,16.7,75.3
02/17/2021 10:54:08,15,14,7,7,16.7,75.5
02/17/2021 11:02:18,14,12,6,6,16.7,75.5
02/17/2021 11:23:00,13,11,6,6,16.7,75.6
02/17/2021 11:33:31,11,9,5,5,16.6,75.7
02/17/2021 11:44:30,9,7,5,5,16.6,75.4
02/17/2021 12:06:35,8,7,5,4,16.6,75.5
02/17/2021 12:17:48,8,6,5,4,16.6,75.6
02/17/2021 12:29:06,6,5,5,4,16.6,75.7
02/17/2021 12:51:29,6,5,5,4,16.6,75.8
02/17/2021 13:00:56,6,4,5,4,16.6,75.7
02/17/2021 13:22:24,6,5,5,4,16.6,75.8
02/17/2021 13:33:17,5,4,4,3,16.6,76.1
02/17/2021 13:49:53,5,4,5,3,16.6,75.8
02/17/2021 14:00:08,5,4,5,4,16.6,76.0
02/17/2021 14:21:53,5,4,5,4,16.6,75.9
02/17/2021 14:33:01,5,3,6,4,16.5,74.9
02/17/2021 14:44:11,4,3,5,4,16.5,75.6
02/17/2021 14:57:17,4,3,5,4,16.5,75.8
02/17/2021 15:24:16,4,3,5,3,16.5,76.0
02/17/2021 15:32:18,4,3,5,4,16.5,76.1
02/17/2021 15:43:50,4,3,5,4,16.6,76.1
02/17/2021 15:57:06,4,3,5,4,16.6,76.3
02/17/2021 16:11:14,4,2,5,3,16.6,76.1
02/17/2021 16:25:48,3,2,4,3,16.6,76.2
02/17/2021 16:40:37,4,3,5,3,16.6,75.0
02/17/2021 17:03:56,5,3,7,5,16.5,68.4
02/17/2021 17:14:40,5,3,6,4,16.4,72.0
02/17/2021 17:27:32,5,3,6,4,16.5,69.9
02/17/2021 17:48:52,5,3,7,5,16.5,70.6
02/17/2021 18:05:15,6,4,7,5,16.5,71.2
02/17/2021 18:20:46,6,4,7,5,16.6,71.4
02/17/2021 18:36:09,6,4,7,5,16.6,71.1
02/17/2021 18:51:13,5,4,7,5,16.6,71.6
02/17/2021 19:03:34,5,4,6,4,16.8,71.3
02/17/2021 19:20:16,6,4,6,4,16.8,71.3
02/17/2021 19:30:22,8,6,7,5,16.8,70.6
02/17/2021 19:42:54,8,6,6,5,16.9,69.6
02/17/2021 19:56:40,7,5,6,4,16.9,69.5
02/17/2021 20:18:54,7,5,5,4,16.9,69.4
02/17/2021 20:29:44,5,4,5,4,16.9,70.2
02/17/2021 20:42:32,6,4,4,3,17.0,70.9
02/17/2021 20:56:28,5,4,5,4,17.1,70.1
02/17/2021 21:10:56,5,4,4,3,17.1,70.0
02/17/2021 21:25:38,4,3,4,3,17.2,71.2
02/17/2021 21:53:22,4,3,3,2,17.3,72.1
02/17/2021 22:01:52,4,3,3,2,17.4,72.5
02/17/2021 22:22:49,3,3,3,2,17.4,72.8
02/17/2021 22:31:35,3,3,3,2,17.5,73.2
02/17/2021 22:43:27,3,2,3,2,17.5,73.2
02/17/2021 23:01:53,3,2,2,2,17.6,73.5
02/17/2021 23:22:53,2,2,2,2,17.6,73.5
02/17/2021 23:33:21,2,2,2,2,17.7,73.4
02/17/2021 23:49:54,2,2,2,1,17.7,73.6
02/18/2021 00:05:32,2,1,2,2,17.7,73.8
02/18/2021 00:20:52,2,1,2,1,17.8,73.6
02/18/2021 00:31:42,3,2,3,2,17.7,67.1
02/18/2021 00:52:57,7,6,4,3,17.7,69.1
02/18/2021 01:03:31,16,15,6,6,17.6,70.2
02/18/2021 01:14:45,20,18,6,6,17.6,70.9
02/18/2021 01:36:44,24,22,8,8,17.7,71.8
02/18/2021 01:47:58,29,27,8,8,17.8,72.2
02/18/2021 02:04:42,33,30,9,9,17.9,72.4
02/18/2021 02:20:38,36,33,10,10,17.9,72.6
02/18/2021 02:30:34,37,34,10,10,17.9,72.9
02/18/2021 02:43:01,36,33,10,10,18.0,72.8
02/18/2021 03:09:39,35,33,10,10,18.0,73.3
02/18/2021 03:17:33,32,31,10,10,18.0,74.0
02/18/2021 03:33:44,66,54,23,23,17.9,68.8
02/18/2021 03:44:47,55,45,17,17,17.9,69.0
02/18/2021 04:06:43,49,42,15,15,17.9,69.5
02/18/2021 04:18:34,47,41,15,15,18.4,68.3
02/18/2021 04:31:47,44,37,13,13,18.8,71.2
02/18/2021 05:03:31,37,34,11,11,19.0,71.6
02/18/2021 05:20:06,33,31,10,10,19.0,72.2
02/18/2021 05:35:42,30,29,9,9,19.0,72.7
02/18/2021 05:51:02,27,26,9,9,19.0,72.7
02/18/2021 06:00:44,25,24,8,8,18.9,72.8
02/18/2021 06:13:06,23,23,7,7,18.8,73.0
02/18/2021 06:39:32,22,21,7,7,18.8,73.3
02/18/2021 06:47:31,21,20,7,7,18.7,73.1
02/18/2021 06:58:59,19,18,6,6,18.6,72.4
02/18/2021 07:12:13,17,17,6,6,18.5,72.5
02/18/2021 07:39:08,17,16,5,5,18.5,72.8
02/18/2021 07:58:49,15,15,5,5,18.2,73.2
02/18/2021 08:12:08,15,14,5,5,18.2,73.1
02/18/2021 08:40:53,13,13,4,4,18.0,73.3
02/18/2021 08:55:41,13,12,4,4,18.0,73.7
02/18/2021 09:23:19,13,12,4,4,17.9,74.1
02/18/2021 09:31:54,12,12,4,4,17.8,74.2
02/18/2021 09:52:53,12,11,4,4,17.8,74.6
02/18/2021 10:01:41,11,10,4,4,17.7,74.9
02/18/2021 10:13:33,10,9,4,4,17.7,74.9
02/18/2021 10:27:00,10,9,4,4,17.7,74.9
02/18/2021 10:54:00,9,8,3,3,17.6,74.9
02/18/2021 11:02:13,9,8,3,3,17.6,75.1
02/18/2021 11:22:55,9,8,3,3,17.6,76.3
02/18/2021 11:33:26,8,7,3,3,17.6,78.0
02/18/2021 11:44:24,7,7,3,3,17.7,79.0
02/18/2021 11:57:23,6,6,2,2,17.8,79.3
02/18/2021 12:11:22,5,5,2,2,17.9,77.0
02/18/2021 12:38:41,2,2,1,1,17.7,68.5
02/18/2021 12:46:59,2,1,1,1,17.5,66.2
02/18/2021 13:07:52,2,1,1,1,17.3,64.0
02/18/2021 13:18:20,1,1,2,2,17.2,62.1
02/18/2021 13:29:20,2,1,3,2,17.1,58.5
02/18/2021 13:48:44,2,1,4,3,17.0,59.3
02/18/2021 13:59:36,2,1,3,2,17.0,58.7
02/18/2021 14:12:29,2,1,4,3,17.0,58.1
02/18/2021 14:39:18,3,2,5,3,17.0,57.3
02/18/2021 14:49:06,3,2,5,3,16.9,54.5
02/18/2021 15:05:17,3,2,6,4,16.9,54.9
02/18/2021 15:15:19,3,2,6,4,16.9,55.1
02/18/2021 15:27:50,3,2,7,4,17.2,55.2
02/18/2021 15:54:23,4,2,7,5,17.3,54.3
02/18/2021 16:02:21,3,2,6,4,17.4,53.7
02/18/2021 16:16:47,4,3,8,5,17.4,53.1
02/18/2021 16:46:40,4,2,6,4,17.3,52.7
02/18/2021 17:03:42,4,2,8,5,17.3,59.6
02/18/2021 17:14:38,3,2,7,5,17.5,61.5
02/18/2021 17:36:36,3,2,5,3,17.7,62.8
02/18/2021 17:47:51,2,1,5,3,17.8,64.0
02/18/2021 18:04:33,2,1,5,3,18.0,64.8
02/18/2021 18:20:29,2,1,4,3,18.1,65.4
02/18/2021 18:31:41,4,2,6,4,18.2,62.0
02/18/2021 18:52:57,4,3,6,4,18.1,56.4
02/18/2021 19:03:30,7,4,5,4,17.8,53.8
02/18/2021 19:14:43,7,5,7,5,17.6,53.5
02/18/2021 19:27:34,7,6,8,6,17.5,53.9
02/18/2021 19:41:29,6,4,5,4,17.5,59.3
02/18/2021 19:55:55,5,4,5,3,17.7,62.1
02/18/2021 20:10:39,4,3,4,3,17.9,63.9
02/18/2021 20:38:23,3,3,4,3,18.1,65.3
02/18/2021 20:46:52,4,3,5,3,18.2,66.3
02/18/2021 21:01:47,3,2,3,2,18.4,66.8
02/18/2021 21:18:40,3,2,4,3,18.4,67.4
02/18/2021 21:29:37,2,2,3,3,18.5,68.0
02/18/2021 21:42:26,3,2,3,2,18.5,68.3
02/18/2021 21:56:22,2,2,2,2,18.6,68.9
02/18/2021 22:10:52,2,2,3,2,18.7,69.4
02/18/2021 22:25:37,2,1,3,2,18.8,68.0
02/18/2021 22:46:57,2,1,3,2,19.2,68.1
02/18/2021 22:58:46,13,10,17,12,19.5,68.9
02/18/2021 23:12:08,17,12,24,16,19.7,67.7
02/18/2021 23:26:17,15,11,20,13,19.6,67.7
02/18/2021 23:40:52,12,9,18,12,19.4,68.3
02/18/2021 23:55:39,10,8,15,10,19.3,69.0
02/19/2021 00:23:18,9,7,13,9,19.2,69.6
02/19/2021 00:31:55,8,6,11,8,19.0,70.2
02/19/2021 00:52:52,7,5,9,7,18.9,70.5
02/19/2021 01:01:38,6,4,8,6,18.8,71.0
02/19/2021 01:13:31,6,4,7,5,18.7,71.6
02/19/2021 01:26:57,5,4,7,5,18.6,72.2
02/19/2021 01:53:57,5,4,7,5,18.5,72.5
02/19/2021 02:02:08,4,3,5,4,18.4,72.8
02/19/2021 02:22:50,4,3,5,3,18.3,73.0
02/19/2021 02:33:23,4,3,5,3,18.3,73.2
02/19/2021 02:46:44,3,2,5,4,18.2,73.3
02/19/2021 02:58:41,3,2,4,3,18.1,73.4
02/19/2021 03:11:58,2,2,3,2,18.1,73.6
02/19/2021 03:39:00,2,2,3,2,18.0,73.8
02/19/2021 03:48:56,2,2,3,2,18.0,74.1
02/19/2021 04:05:03,2,2,3,2,17.9,74.3
02/19/2021 04:15:09,2,1,2,2,17.9,74.6
02/19/2021 04:27:43,2,1,2,2,17.9,74.8
02/19/2021 04:54:16,2,1,2,1,17.8,74.9
02/19/2021 05:02:16,2,1,2,2,17.8,75.1
02/19/2021 05:13:46,1,1,2,1,17.7,75.2
02/19/2021 05:27:01,1,1,2,1,17.7,75.2
02/19/2021 05:53:56,1,1,2,1,17.7,75.3
02/19/2021 06:02:06,1,1,2,1,17.6,75.3
02/19/2021 06:22:47,1,1,2,1,17.6,75.2
02/19/2021 06:33:21,3,2,3,2,17.6,75.5
02/19/2021 06:44:28,28,21,25,18,17.6,75.2
02/19/2021 06:57:27,34,26,32,22,17.6,75.0
02/19/2021 07:11:29,34,26,29,21,17.6,74.8
02/19/2021 07:38:50,34,26,29,21,17.5,74.9
02/19/2021 07:49:04,33,26,27,20,17.5,75.0
02/19/2021 07:59:44,31,24,26,19,17.5,75.0
02/19/2021 08:12:37,28,22,24,18,17.5,75.0
02/19/2021 08:39:24,26,21,21,16,17.5,75.0
02/19/2021 08:47:26,25,20,21,16,17.4,75.0
02/19/2021 08:58:56,24,20,20,15,17.4,75.1
02/19/2021 09:16:57,22,17,19,14,17.4,75.4
02/19/2021 09:33:43,20,15,23,16,17.3,70.6
02/19/2021 09:50:16,9,6,10,7,17.1,61.9
02/19/2021 10:05:46,7,5,6,4,16.7,59.5
02/19/2021 10:21:09,7,5,7,5,16.6,60.6
02/19/2021 10:36:13,8,5,8,6,16.6,61.3
02/19/2021 10:51:22,7,5,8,5,16.6,61.8
02/19/2021 11:00:53,9,7,9,6,16.7,61.3
02/19/2021 11:13:12,37,32,12,12,16.7,61.5
02/19/2021 11:39:36,19,17,7,7,16.7,61.2
02/19/2021 11:47:32,12,10,6,5,16.6,60.9
02/19/2021 11:58:58,9,6,5,4,16.5,60.9
02/19/2021 12:12:12,8,6,6,5,16.5,60.9
02/19/2021 12:39:04,7,5,5,4,16.4,60.9
02/19/2021 12:47:14,6,5,6,4,16.3,60.8
02/19/2021 13:07:56,7,5,6,5,16.2,60.5
02/19/2021 13:18:27,7,5,8,6,16.2,61.1
02/19/2021 13:31:45,7,4,6,5,16.1,61.1
02/19/2021 13:52:57,7,5,6,4,16.0,61.5
02/19/2021 14:03:27,7,5,6,5,16.0,61.8
02/19/2021 14:20:00,8,6,6,5,15.9,62.5
02/19/2021 14:35:38,7,5,6,4,16.0,63.0
02/19/2021 14:50:57,8,6,6,4,16.0,64.0
02/19/2021 15:00:40,7,5,5,4,16.0,65.4
02/19/2021 15:13:02,7,5,4,3,16.2,66.4
02/19/2021 15:39:29,6,5,4,3,16.2,66.6
02/19/2021 15:47:26,6,5,4,4,16.3,66.8
02/19/2021 16:01:47,6,4,5,4,16.4,67.3
02/19/2021 16:13:45,6,5,5,4,16.5,67.3
02/19/2021 16:27:07,11,9,6,5,16.5,67.1
02/19/2021 16:47:01,9,7,6,5,16.6,67.1
02/19/2021 17:08:00,8,6,5,4,16.6,66.9
02/19/2021 17:16:41,7,5,5,4,16.6,66.1
02/19/2021 17:37:44,6,4,3,3,16.6,64.9
02/19/2021 17:48:21,6,5,5,4,16.6,65.4
02/19/2021 18:04:50,7,5,5,4,16.6,66.5
02/19/2021 18:15:06,6,5,4,3,16.7,67.5
02/19/2021 18:27:44,5,4,4,3,16.8,68.5
02/19/2021 18:54:27,5,4,4,3,16.9,69.4
02/19/2021 19:02:23,5,4,3,3,17.0,70.1
02/19/2021 19:13:53,5,4,3,3,17.1,70.4
02/19/2021 19:27:05,5,4,3,3,17.1,71.1
02/19/2021 19:54:02,5,5,3,3,17.2,69.4
02/19/2021 20:02:10,6,5,3,3,17.2,70.1
02/19/2021 20:22:52,5,5,3,3,17.3,69.9
02/19/2021 20:33:22,5,4,3,3,17.4,69.7
02/19/2021 20:44:22,6,5,3,3,17.4,69.8
02/19/2021 20:57:22,6,5,3,3,17.4,69.9
02/19/2021 21:24:08,5,5,3,3,17.4,69.9
02/19/2021 21:34:07,5,5,3,3,17.3,69.8
02/19/2021 21:50:18,6,5,3,3,17.3,69.5
02/19/2021 22:00:20,6,5,3,3,17.3,70.4
02/19/2021 22:16:51,6,6,4,3,17.2,70.7
02/19/2021 22:28:42,7,6,3,3,17.2,70.9
02/19/2021 22:42:02,6,5,3,3,17.2,71.1
02/19/2021 22:56:11,6,6,3,3,17.1,71.3
02/19/2021 23:10:46,6,5,3,3,17.1,71.6
02/19/2021 23:25:34,6,6,3,3,17.1,71.6
02/19/2021 23:53:13,6,5,3,3,17.0,71.8
02/20/2021 00:01:48,6,6,3,3,17.0,71.9
02/20/2021 00:22:49,6,5,3,3,17.0,72.1
02/20/2021 00:31:34,6,5,3,3,17.0,72.7
02/20/2021 00:43:26,5,5,2,2,17.0,73.1
02/20/2021 00:56:53,6,5,2,2,16.9,73.1
02/20/2021 01:23:53,5,5,3,3,17.0,73.4
02/20/2021 01:32:05,5,4,2,2,16.9,73.6
02/20/2021 01:52:48,5,4,2,2,16.9,74.0
02/20/2021 02:03:20,4,4,2,2,16.9,74.2
02/20/2021 02:14:19,4,4,2,2,16.9,74.3
02/20/2021 02:27:19,4,4,2,2,16.9,74.5
02/20/2021 02:41:19,4,4,2,2,16.9,74.5
02/20/2021 03:08:42,5,4,2,2,16.9,74.5
02/20/2021 03:17:00,4,4,2,2,16.9,74.7
02/20/2021 03:37:53,4,4,2,2,16.9,75.0
02/20/2021 03:48:23,4,4,2,2,16.9,75.5
02/20/2021 03:59:20,4,3,2,2,16.9,75.8
02/20/2021 04:12:18,4,4,2,2,16.9,75.8
02/20/2021 04:39:06,4,4,2,2,16.8,75.9
02/20/2021 04:47:11,4,3,2,2,16.8,76.1
02/20/2021 04:58:46,5,4,2,2,16.8,75.8
02/20/2021 05:25:28,7,6,3,3,16.7,74.4
02/20/2021 05:43:42,7,6,3,3,16.7,74.6
02/20/2021 05:47:02,7,6,3,3,16.8,75.0
02/20/2021 05:57:05,7,6,3,3,16.7,74.9
02/20/2021 06:24:05,6,5,3,3,16.7,75.1
02/20/2021 06:33:59,6,5,3,3,16.7,75.1
02/20/2021 06:50:05,5,4,3,3,16.7,75.6
02/20/2021 07:00:12,5,5,3,3,16.7,75.8
02/20/2021 07:12:45,5,4,2,2,16.7,76.0
02/20/2021 07:39:19,5,4,2,2,16.7,75.9
02/20/2021 07:47:18,5,4,2,2,16.7,76.0
02/20/2021 07:58:48,4,4,2,2,16.7,76.3
02/20/2021 08:12:02,4,4,2,2,16.7,76.5
02/20/2021 08:38:58,4,4,2,2,16.7,76.5
02/20/2021 08:47:08,4,4,2,2,16.7,76.4
02/20/2021 09:07:49,4,4,2,2,16.7,76.4
02/20/2021 09:18:20,4,4,2,2,16.7,76.3
02/20/2021 09:29:20,5,4,2,2,16.8,76.0
02/20/2021 09:46:51,4,4,2,2,16.8,76.1
02/20/2021 09:58:42,4,4,2,2,16.8,76.4
02/20/2021 10:11:59,5,4,2,2,16.8,75.9
02/20/2021 10:39:03,5,4,2,2,16.7,75.9
02/20/2021 10:48:57,4,4,2,2,16.8,75.7
02/20/2021 11:05:05,4,4,2,2,16.8,75.9
02/20/2021 11:15:12,5,4,2,2,16.8,76.5
02/20/2021 11:27:46,5,4,2,2,16.9,76.6
02/20/2021 11:54:18,4,4,2,2,16.9,76.8
02/20/2021 12:02:19,4,4,2,2,16.9,76.8
02/20/2021 12:13:49,4,4,2,2,16.9,76.8
02/20/2021 12:27:11,11,9,5,5,16.9,73.2
02/20/2021 12:54:07,30,23,20,15,17.1,72.1
02/20/2021 13:02:19,32,26,23,17,17.3,71.1
02/20/2021 13:22:57,23,18,14,11,17.5,70.0
02/20/2021 13:33:28,17,15,10,9,17.4,66.4
02/20/2021 13:44:28,99,89,57,57,17.3,66.8
02/20/2021 13:57:28,76,65,41,41,17.3,66.3
02/20/2021 14:11:27,57,47,24,24,17.2,66.0
02/20/2021 14:38:51,45,38,17,17,17.2,66.1
02/20/2021 14:49:02,31,27,12,12,17.1,64.8
02/20/2021 14:59:45,29,25,12,11,17.1,66.2
02/20/2021 15:12:35,28,24,10,10,17.1,65.7
02/20/2021 15:39:25,23,20,10,9,17.1,64.8
02/20/2021 15:47:25,22,19,10,9,17.1,64.4
02/20/2021 15:58:56,25,22,10,9,17.1,64.5
02/20/2021 16:18:50,37,32,15,15,17.2,64.7
02/20/2021 16:33:39,27,24,11,10,17.2,63.6
02/20/2021 16:46:45,25,21,10,9,17.2,62.4
02/20/2021 17:08:00,24,21,10,10,17.1,62.7
02/20/2021 17:18:31,24,22,10,9,17.1,63.9
02/20/2021 17:35:01,24,21,9,9,17.2,64.5
02/20/2021 17:50:42,24,22,9,9,17.2,64.0
02/20/2021 18:06:00,23,20,10,9,17.2,63.5
02/20/2021 18:18:32,21,18,9,8,17.2,63.0
02/20/2021 18:35:18,23,20,9,9,17.2,63.5
02/20/2021 18:50:47,28,25,11,11,17.2,64.0
02/20/2021 19:01:40,45,37,17,17,17.3,63.7
02/20/2021 19:13:48,42,36,16,16,17.2,64.1
02/20/2021 19:27:06,38,34,16,15,17.3,67.5
02/20/2021 19:47:00,34,31,14,14,17.5,69.4
02/20/2021 19:58:47,30,28,12,12,17.6,69.3
02/20/2021 20:18:49,25,23,10,10,17.7,69.8
02/20/2021 20:31:44,22,20,9,9,17.8,70.5
02/20/2021 20:52:58,21,20,8,8,17.9,70.9
02/20/2021 21:03:28,18,17,7,7,18.0,71.2
02/20/2021 21:20:00,17,16,7,7,18.0,71.8
02/20/2021 21:35:39,16,15,6,6,18.1,72.1
02/20/2021 21:50:58,14,13,6,6,18.2,72.4
02/20/2021 22:00:41,14,13,5,5,18.3,72.9
02/20/2021 22:13:03,13,12,5,5,18.3,73.1
02/20/2021 22:39:30,13,12,5,5,18.4,70.0
02/20/2021 22:47:27,13,12,5,5,18.3,70.0
02/20/2021 22:58:56,13,11,5,5,18.3,68.8
02/20/2021 23:12:10,13,11,5,5,18.3,68.5
02/20/2021 23:39:04,13,11,6,5,18.3,67.7
02/20/2021 23:47:14,12,10,5,5,18.3,68.1
02/21/2021 00:03:42,11,10,6,5,18.3,67.8
02/21/2021 00:14:43,12,9,6,5,18.3,68.2
02/21/2021 00:27:35,13,10,6,5,18.3,67.5
02/21/2021 00:54:24,12,10,6,6,18.3,67.2
02/21/2021 01:04:13,11,9,6,5,18.3,67.3
02/21/2021 01:20:23,11,10,6,5,18.3,66.9
02/21/2021 01:30:25,11,9,5,5,18.3,64.9
02/21/2021 01:42:55,9,8,4,4,18.2,65.8
02/21/2021 02:01:58,9,7,4,4,18.2,66.9
02/21/2021 02:23:02,8,7,4,4,18.2,67.4
02/21/2021 02:31:41,8,7,4,4,18.2,67.8
02/21/2021 02:52:46,8,7,4,3,18.1,68.3
02/21/2021 03:03:22,7,6,4,3,18.1,68.8
02/21/2021 03:19:49,7,6,3,3,18.1,69.1
02/21/2021 03:30:06,7,6,3,3,18.1,69.5
02/21/2021 03:42:44,6,6,3,3,18.0,70.1
02/21/2021 04:09:27,7,6,3,3,18.0,70.8
02/21/2021 04:17:24,6,6,3,3,18.0,71.3
02/21/2021 04:28:52,6,5,3,3,18.0,71.6
02/21/2021 04:42:06,6,5,3,3,18.0,71.8
02/21/2021 05:08:59,6,5,3,3,18.0,72.1
02/21/2021 05:17:09,5,5,2,2,18.0,72.3
02/21/2021 05:37:51,5,4,2,2,18.0,72.7
02/21/2021 05:48:20,5,4,2,2,18.0,73.4
02/21/2021 05:59:20,5,4,2,2,18.0,74.1
02/21/2021 06:12:20,4,4,2,2,18.0,74.2
02/21/2021 06:39:05,4,4,2,2,18.0,72.7
02/21/2021 06:49:05,4,4,2,2,17.9,72.7
02/21/2021 07:05:14,4,3,2,2,17.9,73.2
02/21/2021 07:15:16,4,3,2,2,17.9,73.2
02/21/2021 07:27:48,4,3,2,2,17.9,73.7
02/21/2021 07:41:31,3,3,2,2,17.9,73.8
02/21/2021 08:08:47,3,3,2,2,17.9,74.0
02/21/2021 08:18:47,3,3,2,2,17.9,74.2
02/21/2021 08:29:32,3,3,2,2,17.9,74.5
02/21/2021 08:51:31,3,3,2,2,17.9,74.4
02/21/2021 09:00:54,3,3,2,2,17.9,74.5
02/21/2021 09:13:06,4,3,2,2,17.9,74.8
02/21/2021 09:39:35,3,3,2,2,17.9,74.6
02/21/2021 09:47:25,3,3,2,2,17.9,74.6
02/21/2021 09:58:51,3,3,2,2,18.0,74.8
02/21/2021 10:12:05,3,3,2,2,18.0,75.1
02/21/2021 10:38:58,3,3,2,2,18.0,75.5
02/21/2021 10:47:08,3,3,2,2,18.0,75.7
02/21/2021 11:07:49,4,4,2,2,18.1,76.1
02/21/2021 11:18:28,13,12,5,5,18.1,71.8
02/21/2021 11:29:27,30,24,16,14,18.3,70.5
02/21/2021 11:51:35,21,18,10,9,18.6,68.7
02/21/2021 12:02:46,35,31,14,14,18.7,67.6
02/21/2021 12:19:41,60,50,29,29,18.7,67.2
02/21/2021 12:30:02,51,42,21,21,18.7,66.0
02/21/2021 12:42:46,36,32,14,14,18.6,64.5
02/21/2021 12:56:35,29,27,11,11,18.5,64.2
02/21/2021 13:11:02,27,25,11,10,18.5,64.3
02/21/2021 13:33:54,32,29,12,12,18.5,64.9
02/21/2021 13:44:41,37,33,14,14,18.5,64.8
02/21/2021 13:57:33,43,39,19,19,18.4,63.3
02/21/2021 14:11:29,58,48,26,26,18.3,62.4
02/21/2021 14:25:57,35,32,14,14,18.2,61.7
02/21/2021 14:48:55,29,27,12,12,18.2,61.9
02/21/2021 14:59:41,25,24,10,10,18.1,61.4
02/21/2021 15:12:33,23,21,9,9,18.1,61.5
02/21/2021 15:26:29,19,18,8,8,18.2,60.5
02/21/2021 15:47:00,18,16,7,7,18.5,59.3
02/21/2021 16:07:59,17,16,7,7,18.7,58.5
02/21/2021 16:16:41,18,16,7,7,18.7,57.5
02/21/2021 16:37:47,18,17,7,7,18.8,57.6
02/21/2021 16:48:22,22,20,8,8,18.9,58.6
02/21/2021 17:04:52,25,23,10,10,18.9,59.5
02/21/2021 17:15:07,21,19,8,8,19.0,57.8
02/21/2021 17:27:48,18,17,7,7,19.0,57.9
02/21/2021 17:54:29,15,14,6,6,19.0,60.2
02/21/2021 18:22:58,14,13,6,6,19.1,61.9
02/21/2021 18:33:29,14,13,6,6,19.2,62.6
02/21/2021 18:50:00,17,16,7,7,19.1,61.0
02/21/2021 19:03:34,16,15,6,6,19.0,64.0
02/21/2021 19:16:44,13,12,5,5,19.0,65.7
02/21/2021 19:31:49,11,10,5,5,19.1,66.6
02/21/2021 19:43:46,11,10,5,5,19.1,67.0
02/21/2021 20:10:25,10,9,4,4,19.2,68.3
02/21/2021 20:29:38,9,9,4,4,19.3,68.6
02/21/2021 20:33:55,11,10,5,5,19.2,67.5
02/21/2021 20:48:36,10,9,4,4,19.3,67.8
02/21/2021 21:05:15,10,9,4,4,19.3,67.4
02/21/2021 21:18:34,10,9,4,4,19.3,67.6
02/21/2021 21:29:43,11,10,4,4,19.3,65.9
02/21/2021 21:46:53,10,9,4,4,19.3,67.1
02/21/2021 22:07:59,11,10,5,5,19.3,66.3
02/21/2021 22:16:43,9,9,4,4,19.3,68.4
02/21/2021 22:37:46,9,8,4,4,19.4,69.2
02/21/2021 22:48:22,8,7,3,3,19.5,69.7
02/21/2021 23:04:49,8,7,3,3,19.6,70.1
02/21/2021 23:15:06,7,7,3,3,19.7,70.3
02/21/2021 23:27:43,7,6,3,3,19.7,70.7
02/21/2021 23:46:54,7,7,3,3,19.8,70.9
02/21/2021 23:58:44,7,7,3,3,19.8,69.1
02/22/2021 00:12:03,8,7,3,3,19.6,66.1
02/22/2021 00:39:06,7,7,3,3,19.6,66.9
02/22/2021 00:49:02,7,7,3,3,19.5,67.3
02/22/2021 01:05:08,7,7,3,3,19.5,67.6
02/22/2021 01:15:13,7,6,3,3,19.5,68.0
02/22/2021 01:27:47,7,6,3,3,19.4,68.7
02/22/2021 01:54:19,6,6,3,3,19.3,69.4
02/22/2021 02:02:19,6,6,3,3,19.3,70.0
02/22/2021 02:13:49,6,5,3,3,19.2,70.4
02/22/2021 02:27:04,6,5,3,3,19.2,70.7
02/22/2021 02:48:48,5,5,3,3,19.1,70.9
02/22/2021 02:59:39,5,5,2,2,19.1,71.1
02/22/2021 03:12:27,5,5,2,2,19.0,71.4
02/22/2021 03:39:16,5,5,2,2,19.0,71.6
02/22/2021 03:49:04,5,5,2,2,19.0,72.0
02/22/2021 04:05:15,5,5,2,2,18.9,72.2
02/22/2021 04:15:17,5,5,2,2,18.9,72.4
02/22/2021 04:33:42,5,5,2,2,18.9,72.7
02/22/2021 04:48:33,5,4,2,2,18.8,72.9
02/22/2021 04:59:35,5,4,2,2,18.8,73.1
02/22/2021 05:12:25,5,4,2,2,18.7,73.3
02/22/2021 05:39:15,5,4,2,2,18.7,73.5
02/22/2021 05:49:06,4,4,2,2,18.7,73.7
02/22/2021 06:05:13,4,4,2,2,18.8,73.8
02/22/2021 06:15:16,5,4,2,2,18.8,74.4
02/22/2021 06:27:46,4,4,2,2,18.8,74.5
02/22/2021 06:54:19,4,4,2,2,18.8,74.6
02/22/2021 07:02:18,5,5,2,2,18.8,74.7
02/22/2021 07:13:48,5,5,2,2,18.7,74.8
02/22/2021 07:27:03,5,5,2,2,18.7,74.9
02/22/2021 08:02:06,5,4,2,2,18.6,75.2
02/22/2021 08:22:48,4,4,2,2,18.6,75.5
02/22/2021 08:33:20,5,5,2,2,18.6,75.9
02/22/2021 08:44:19,5,5,2,2,18.6,76.0
02/22/2021 09:06:25,5,5,2,2,18.6,76.2
02/22/2021 09:15:51,5,5,2,2,18.6,76.2
02/22/2021 09:37:19,6,5,3,3,18.5,76.2
02/22/2021 09:48:13,6,5,3,3,18.5,76.4
02/22/2021 09:59:16,6,6,3,3,18.5,76.5
02/22/2021 10:21:32,6,6,3,3,18.5,76.8
02/22/2021 10:30:57,9,8,4,4,18.5,75.3
02/22/2021 10:52:25,13,12,6,6,18.4,73.0
02/22/2021 11:01:24,13,12,6,6,18.4,74.4
02/22/2021 11:13:24,14,12,6,6,18.4,74.4
02/22/2021 11:39:47,14,13,6,6,18.4,74.0
02/22/2021 12:02:03,29,27,13,13,18.4,69.8
02/22/2021 12:07:56,14,13,6,6,18.4,74.0
02/22/2021 12:16:44,26,25,12,12,18.1,68.2
02/22/2021 12:37:46,32,30,15,14,18.0,67.6
02/22/2021 12:48:23,35,33,16,15,17.8,66.6
02/22/2021 13:04:50,33,31,15,14,17.7,66.6
02/22/2021 13:15:08,29,27,12,12,17.6,67.2
02/22/2021 13:27:45,22,21,10,10,17.7,69.6
02/22/2021 13:54:29,21,20,9,9,17.9,70.4
02/22/2021 14:02:26,21,20,9,9,18.1,71.4
02/22/2021 14:13:56,20,19,9,9,18.2,71.4
02/22/2021 14:27:09,20,19,8,8,18.3,71.1
02/22/2021 14:54:05,22,21,9,9,18.4,69.6
02/22/2021 15:02:13,29,27,12,12,18.3,65.2
02/22/2021 15:22:57,29,28,12,12,18.1,64.7
02/22/2021 15:33:26,23,21,10,10,18.0,67.6
02/22/2021 15:44:25,21,20,10,9,18.1,69.4
02/22/2021 15:57:24,20,19,9,9,18.3,69.5
02/22/2021 16:18:50,19,18,8,8,18.4,70.2
02/22/2021 16:29:41,20,19,8,8,18.5,70.6
02/22/2021 16:42:32,21,20,9,9,18.6,70.4
02/22/2021 17:09:22,19,18,8,8,18.6,69.1
02/22/2021 17:19:08,21,20,9,9,18.5,65.8
02/22/2021 17:35:20,20,19,8,8,18.4,63.7
02/22/2021 17:45:22,16,16,6,6,18.2,63.3
02/22/2021 17:57:53,17,16,6,6,18.0,62.7
02/22/2021 18:24:25,18,17,6,6,17.8,62.1
02/22/2021 18:44:40,10,9,4,4,17.4,61.1
02/22/2021 19:06:39,14,13,6,6,17.5,61.4
02/22/2021 19:17:54,10,9,4,4,17.5,61.9
02/22/2021 19:34:36,9,8,4,4,17.6,65.9
02/22/2021 19:50:33,8,8,4,4,17.9,67.1
02/22/2021 20:00:28,11,11,5,5,17.9,62.5
02/22/2021 20:16:52,42,36,21,19,17.8,60.6
02/22/2021 20:28:46,25,23,10,10,17.7,60.0
02/22/2021 20:42:05,23,22,9,9,17.6,59.9
02/22/2021 21:09:08,25,23,10,10,17.4,59.5
02/22/2021 21:19:02,19,18,7,7,17.3,60.1
02/22/2021 21:35:10,14,14,6,6,17.3,61.9
02/22/2021 21:45:17,15,14,6,6,17.4,62.0
02/22/2021 21:57:51,13,12,6,6,17.5,62.1
02/22/2021 22:24:24,11,9,5,5,17.6,61.2
02/22/2021 22:32:23,8,7,4,4,17.6,60.4
02/22/2021 22:46:45,8,7,4,3,17.7,65.3
02/22/2021 22:58:44,7,6,3,3,17.8,66.4
02/22/2021 23:16:52,6,6,3,3,18.0,67.2
02/22/2021 23:28:39,6,5,3,3,18.1,67.6
02/22/2021 23:42:01,6,5,3,3,18.2,67.6
02/23/2021 00:09:01,5,5,2,2,18.3,67.5
02/23/2021 00:18:55,5,4,2,2,18.3,67.9
02/23/2021 00:35:03,5,4,2,2,18.3,68.5
02/23/2021 00:45:08,4,4,2,2,18.2,69.0
02/23/2021 00:57:42,4,4,2,2,18.2,69.6
02/23/2021 01:24:17,4,4,2,2,18.1,70.1
02/23/2021 01:32:15,4,3,2,2,18.1,70.5
02/23/2021 01:43:45,4,3,2,2,18.0,70.7
02/23/2021 01:57:01,4,3,2,2,18.0,71.3
02/23/2021 02:23:56,4,4,2,2,18.0,72.0
02/23/2021 02:32:06,4,4,2,2,18.0,72.3
02/23/2021 02:52:49,4,4,2,2,17.9,72.5
02/23/2021 03:01:33,3,3,2,2,17.9,73.1
02/23/2021 03:13:38,4,4,1,1,17.9,73.2
02/23/2021 03:26:58,4,4,1,1,17.8,73.4
02/23/2021 03:54:02,4,4,1,1,17.8,73.6
02/23/2021 04:03:56,4,4,1,1,17.8,73.7
02/23/2021 04:20:04,4,4,1,1,17.7,73.8
02/23/2021 04:31:37,3,3,1,1,17.7,74.3
02/23/2021 04:43:37,4,3,1,1,17.7,74.5
02/23/2021 04:56:54,3,2,1,1,17.7,74.6
02/23/2021 05:23:56,2,2,1,1,17.6,74.5
02/23/2021 05:33:51,1,1,1,1,17.6,74.4
02/23/2021 05:49:58,2,2,1,1,17.6,74.5
02/23/2021 06:00:05,2,1,1,1,17.6,74.6
02/23/2021 06:12:39,2,1,1,1,17.6,74.6
02/23/2021 06:39:12,1,1,1,1,17.6,74.9
02/23/2021 06:47:15,1,1,1,1,17.6,75.0
02/23/2021 07:01:41,1,1,1,1,17.6,75.1
02/23/2021 07:16:42,2,1,1,1,17.6,75.1
02/23/2021 07:37:47,2,2,1,1,17.5,75.1
02/23/2021 07:48:18,2,1,1,1,17.5,75.2
02/23/2021 08:04:48,2,1,1,1,17.5,75.3
02/23/2021 08:20:28,2,1,1,1,17.5,75.5
02/23/2021 08:35:50,2,1,1,1,17.5,75.6
02/23/2021 08:45:30,2,1,1,1,17.5,75.7
02/23/2021 08:57:52,2,1,1,1,17.5,75.4
02/23/2021 09:24:21,4,4,2,2,17.5,72.5
02/23/2021 09:32:20,6,5,3,3,17.5,71.7
02/23/2021 09:43:50,6,5,3,3,17.5,70.4
02/23/2021 09:57:07,6,5,3,3,17.5,69.6
02/23/2021 10:23:59,6,5,3,3,17.4,68.5
02/23/2021 10:32:07,5,4,3,3,17.4,68.1
02/23/2021 10:52:50,5,5,3,3,17.5,67.5
02/23/2021 11:03:21,6,5,3,3,17.5,67.0
02/23/2021 11:16:41,5,4,3,3,17.5,67.8
02/23/2021 11:37:52,6,6,3,3,17.5,68.4
02/23/2021 11:48:20,5,4,3,3,17.6,70.0
02/23/2021 12:04:50,4,3,2,2,17.8,70.8
02/23/2021 12:20:30,4,3,2,2,17.9,70.2
02/23/2021 12:35:53,6,5,5,4,18.0,69.5
02/23/2021 12:45:43,203,197,121,121,18.0,67.7
02/23/2021 12:58:03,93,85,43,43,18.0,64.5
02/23/2021 13:24:30,38,34,12,12,17.9,63.2
02/23/2021 13:32:25,16,14,5,5,17.9,62.8
02/23/2021 13:43:53,8,7,3,3,18.0,62.4
02/23/2021 14:01:50,6,5,3,3,18.0,62.5
02/23/2021 14:22:52,6,5,3,3,18.1,63.4
02/23/2021 14:33:22,5,5,2,2,18.2,62.6
02/23/2021 14:49:52,5,4,2,2,18.3,62.1
02/23/2021 15:05:31,5,4,3,2,18.4,61.0
02/23/2021 15:20:49,4,3,2,2,18.4,60.5
02/23/2021 15:30:32,4,3,2,2,18.4,59.9
02/23/2021 15:46:46,5,4,3,2,18.4,59.8
02/23/2021 15:58:39,5,4,3,3,18.3,56.8
02/23/2021 16:18:42,5,4,3,3,18.1,57.0
02/23/2021 16:29:33,5,4,3,3,18.1,58.8
02/23/2021 16:42:24,5,4,3,2,18.2,61.0
02/23/2021 16:56:20,4,3,3,2,18.3,61.2
02/23/2021 17:10:53,9,7,4,3,18.3,60.7
02/23/2021 17:25:40,18,16,7,7,18.3,59.8
02/23/2021 17:53:24,17,15,7,7,18.3,59.5
02/23/2021 18:01:53,19,17,7,7,18.3,60.5
02/23/2021 18:22:51,23,20,11,10,18.3,60.6
02/23/2021 18:31:39,58,49,26,26,18.3,60.6
02/23/2021 18:46:47,39,34,16,15,18.4,60.8
02/23/2021 18:58:44,32,29,13,13,18.4,61.0
02/23/2021 19:18:46,26,23,10,10,18.4,60.2
02/23/2021 19:29:40,27,25,10,10,18.4,59.9
02/23/2021 19:51:37,20,18,8,8,18.4,59.9
02/23/2021 20:02:54,51,7,115,115,18.3,60.5
02/23/2021 20:19:39,33,122,240,240,18.3,60.8
02/23/2021 20:35:35,246,157,233,233,18.3,61.1
02/23/2021 20:45:29,130,62,73,73,18.3,61.3
02/23/2021 20:57:58,244,197,155,155,18.3,60.9
02/23/2021 21:24:34,148,116,54,54,18.3,61.0
02/23/2021 21:48:59,15,250,192,192,18.3,61.2
02/23/2021 21:59:42,220,204,150,150,18.4,61.5
02/23/2021 22:12:35,167,156,110,110,18.4,61.2
02/23/2021 22:26:29,132,123,86,86,18.4,60.9
02/23/2021 22:40:59,100,94,63,63,18.4,60.3
02/23/2021 22:55:42,83,75,50,50,18.4,60.0
02/23/2021 23:23:28,73,62,39,39,18.4,59.7
02/23/2021 23:48:39,57,47,25,25,18.3,60.6
02/23/2021 23:59:41,51,42,22,22,18.4,61.1
02/24/2021 00:12:31,47,39,19,19,18.4,62.0
02/24/2021 00:26:28,42,36,18,18,18.4,62.4
02/24/2021 00:40:59,40,35,17,17,18.4,62.8
02/24/2021 01:03:53,40,35,17,17,18.4,63.3
02/24/2021 01:14:39,38,34,16,16,18.4,63.4
02/24/2021 01:36:37,39,35,16,16,18.4,64.0
02/24/2021 01:47:53,35,32,15,15,18.4,64.4
02/24/2021 02:04:35,35,32,15,15,18.3,64.9
02/24/2021 02:18:33,36,33,14,14,18.3,65.1
02/24/2021 02:29:42,33,30,13,13,18.3,65.4
02/24/2021 02:51:37,31,29,13,13,18.3,65.9
02/24/2021 03:02:55,28,27,11,11,18.3,66.6
02/24/2021 03:19:36,28,26,11,11,18.3,67.1
02/24/2021 03:35:34,25,24,11,11,18.3,67.7
02/24/2021 03:45:27,24,23,10,10,18.3,68.0
02/24/2021 03:57:57,24,22,10,10,18.2,68.2
02/24/2021 04:24:32,22,21,9,9,18.3,68.1
02/24/2021 04:32:28,20,19,9,9,18.2,68.0
02/24/2021 04:43:58,20,19,8,8,18.2,68.2
02/24/2021 04:57:09,18,17,8,8,18.2,68.5
02/24/2021 05:18:49,17,16,7,7,18.2,68.6
02/24/2021 05:29:39,17,16,7,7,18.2,68.8
02/24/2021 05:42:31,15,14,6,6,18.2,68.8
02/24/2021 05:56:27,15,14,6,6,18.2,69.1
02/24/2021 06:10:54,14,13,6,6,18.1,69.3
02/24/2021 06:25:39,13,12,5,5,18.1,69.2
02/24/2021 06:53:24,12,11,5,5,18.1,69.7
02/24/2021 07:01:53,13,12,5,5,18.1,69.9
02/24/2021 07:22:51,13,11,5,5,18.1,70.0
02/24/2021 07:31:37,12,10,5,5,18.1,70.1
02/24/2021 07:43:30,11,10,5,5,18.1,70.0
02/24/2021 08:01:53,10,9,5,4,18.1,70.0
02/24/2021 08:22:58,9,8,4,4,18.1,69.8
02/24/2021 08:31:38,7,7,4,4,18.1,69.7
02/24/2021 08:52:43,7,6,4,4,18.1,69.8
02/24/2021 09:03:19,7,6,3,3,18.1,69.6
02/24/2021 09:19:46,6,6,3,3,18.1,69.6
02/24/2021 09:30:01,6,5,3,3,18.1,69.7
02/24/2021 09:42:40,6,5,3,3,18.1,69.8
02/24/2021 10:09:22,6,5,3,3,18.1,70.2
02/24/2021 10:17:19,5,5,3,3,18.2,70.6
02/24/2021 10:28:48,6,5,3,3,18.2,70.9
02/24/2021 10:42:02,5,4,3,3,18.2,71.2
02/24/2021 11:08:55,5,4,2,2,18.2,71.3
02/24/2021 11:17:05,5,4,2,2,18.2,71.3
02/24/2021 11:37:46,4,3,2,2,18.2,65.9
02/24/2021 11:48:18,5,4,2,2,18.1,64.8
02/24/2021 11:59:18,4,4,2,2,18.1,66.0
02/24/2021 12:12:20,11,8,8,6,18.2,66.4
02/24/2021 12:39:10,62,58,34,34,18.2,64.5
02/24/2021 12:49:10,118,113,69,69,18.3,63.6
02/24/2021 13:01:40,52,43,21,21,18.3,62.3
02/24/2021 13:22:57,39,34,14,14,18.3,61.6
02/24/2021 13:33:25,29,26,11,11,18.3,62.1
02/24/2021 13:48:35,30,28,11,11,18.4,63.1
02/24/2021 14:05:14,21,19,8,8,18.4,61.9
02/24/2021 14:20:44,20,18,8,8,18.4,61.6
02/24/2021 14:36:07,20,19,8,8,18.4,61.5
02/24/2021 14:51:11,22,21,9,9,18.4,62.5
02/24/2021 15:06:20,59,52,29,29,18.5,62.9
02/24/2021 15:15:51,37,33,14,14,18.6,61.8
02/24/2021 15:28:08,28,26,11,11,18.6,61.9
02/24/2021 15:54:31,24,22,9,9,18.7,62.7
02/24/2021 16:02:27,19,18,7,7,18.8,63.7
02/24/2021 16:13:55,16,15,6,6,18.8,62.2
02/24/2021 16:27:09,14,12,6,6,18.8,60.2
02/24/2021 16:54:02,13,12,5,5,18.8,59.6
02/24/2021 17:02:12,14,12,5,5,18.8,60.5
02/24/2021 17:22:54,13,11,5,5,18.8,62.3
02/24/2021 17:33:25,12,10,5,5,18.8,62.4
02/24/2021 17:48:34,11,10,5,5,19.0,62.6
02/24/2021 17:59:39,11,10,4,4,19.0,62.6
02/24/2021 18:21:37,10,9,4,4,19.1,62.6
02/24/2021 18:32:52,10,9,4,4,19.1,62.4
02/24/2021 18:49:34,10,9,4,4,19.2,62.4
02/24/2021 19:05:31,9,9,4,4,19.2,62.0
02/24/2021 19:18:31,11,9,5,4,19.2,61.7
02/24/2021 19:29:39,10,9,4,4,19.2,61.8
02/24/2021 19:51:37,11,9,4,4,19.2,61.6
02/24/2021 20:02:53,10,9,4,4,19.2,61.9
02/24/2021 20:19:35,11,9,5,5,19.2,61.4
02/24/2021 20:35:32,12,11,5,5,19.2,61.2
02/24/2021 20:45:29,71,64,26,26,19.2,62.4
02/24/2021 20:57:55,82,77,32,32,19.3,63.0
02/24/2021 21:24:34,88,82,38,38,19.3,62.6
02/24/2021 21:32:27,81,75,37,37,19.4,61.5
02/24/2021 21:43:57,86,81,40,40,19.4,62.3
02/24/2021 21:57:10,87,82,40,40,19.5,62.3
02/24/2021 22:24:04,77,70,34,34,19.5,62.0
02/24/2021 22:32:12,76,69,34,34,19.5,61.9
02/24/2021 22:52:55,74,65,31,31,19.5,61.7
02/24/2021 23:03:25,62,51,24,24,19.5,61.4
02/24/2021 23:14:25,64,52,25,25,19.5,62.0
02/24/2021 23:36:30,65,54,26,26,19.8,61.8
02/24/2021 23:45:58,65,53,28,28,20.2,64.4
02/24/2021 23:58:09,60,49,24,24,20.5,64.7
02/25/2021 00:24:39,56,47,22,22,20.5,64.5
02/25/2021 00:32:30,53,44,20,20,20.4,65.3
02/25/2021 00:53:10,51,43,18,18,20.3,65.9
02/25/2021 01:01:46,51,43,18,18,20.2,66.3
02/25/2021 01:13:36,51,43,17,17,20.1,66.9
02/25/2021 01:39:45,49,41,17,17,20.0,67.4
02/25/2021 01:58:41,48,41,15,15,19.8,68.3
02/25/2021 02:02:01,49,41,17,17,20.0,67.4
02/25/2021 02:12:03,49,41,14,14,19.8,68.5
02/25/2021 02:39:07,49,42,14,14,19.8,69.4
02/25/2021 02:49:04,47,40,13,13,19.7,69.6
02/25/2021 03:05:08,46,40,12,12,19.7,69.7
02/25/2021 03:15:16,45,39,12,12,19.6,70.0
02/25/2021 03:27:49,43,38,11,11,19.6,70.3
02/25/2021 03:54:23,43,38,11,11,19.6,70.8
02/25/2021 04:13:43,41,37,10,10,19.5,71.7
02/25/2021 04:27:03,40,36,9,9,19.5,72.1
02/25/2021 04:41:13,40,35,9,9,19.5,72.3
02/25/2021 04:55:48,38,34,9,9,19.5,72.6
02/25/2021 05:10:39,37,34,8,8,19.4,72.7
02/25/2021 05:33:53,35,33,8,8,19.4,72.9
02/25/2021 05:44:39,36,33,8,8,19.4,73.1
02/25/2021 05:57:32,35,32,7,7,19.3,73.6
02/25/2021 06:24:20,34,32,7,7,19.3,73.8
02/25/2021 06:34:09,32,31,7,7,19.3,74.1
02/25/2021 06:50:18,17,17,7,7,19.3,74.1
02/25/2021 07:00:22,18,17,6,6,19.2,74.4
02/25/2021 07:12:51,16,16,6,6,19.2,74.3
02/25/2021 07:39:25,15,15,6,6,19.1,74.4
02/25/2021 07:47:22,15,15,5,5,19.1,74.5
02/25/2021 07:58:52,14,14,5,5,19.1,74.7
02/25/2021 08:12:07,13,13,5,5,19.1,75.0
02/25/2021 08:39:01,13,12,5,5,19.0,74.8
02/25/2021 08:47:11,12,11,5,5,19.0,74.8
02/25/2021 09:07:53,11,10,4,4,19.0,74.5
02/25/2021 09:18:25,11,11,4,4,19.0,74.5
02/25/2021 09:29:23,10,9,4,4,19.0,74.7
02/25/2021 09:51:29,9,9,4,4,19.0,74.7
02/25/2021 10:00:54,9,9,3,3,19.0,74.4
02/25/2021 10:22:21,8,8,3,3,19.0,73.9
02/25/2021 10:33:13,8,8,3,3,19.0,74.1
02/25/2021 10:44:15,7,7,3,3,19.0,73.9
02/25/2021 11:06:30,7,7,4,4,18.9,74.0
02/25/2021 11:15:53,6,6,3,3,18.9,72.9
02/25/2021 11:37:19,6,6,3,3,18.8,69.7
02/25/2021 11:46:16,5,5,2,2,18.8,68.4
02/25/2021 11:58:18,6,5,3,3,18.7,66.6
02/25/2021 12:16:50,5,5,3,3,18.6,63.8
02/25/2021 12:31:41,4,3,2,2,18.5,61.4
02/25/2021 12:52:47,4,3,2,2,18.4,60.4
02/25/2021 13:01:32,4,3,4,3,18.3,58.8
02/25/2021 13:22:36,4,3,3,3,18.3,57.0
02/25/2021 13:33:11,3,2,3,2,18.3,54.5
02/25/2021 13:49:39,3,2,4,3,18.3,53.1
02/25/2021 13:59:57,3,2,4,3,18.2,51.9
02/25/2021 14:12:37,4,3,4,3,18.2,51.4